mode,train_subjects,test_subjects,training_rows_after_augmentation,top_models,cv_accuracy_mean_all_models,cv_accuracy_mean_top_models,test_accuracy,test_auc,test_f1,test_kappa,cv_minus_test_accuracy,seed,train_subject_ids,test_subject_ids
leak-safe,54,18,54,Logistic Regression;Neural Network;KNN,0.6796969696969696,0.7054545454545454,0.5555555555555556,0.38461538461538464,0.35714285714285715,-0.26315789473684204,0.14989898989898987,0,sub-01;sub-02;sub-03;sub-04;sub-05;sub-07;sub-08;sub-11;sub-12;sub-13;sub-15;sub-19;sub-20;sub-22;sub-23;sub-27;sub-28;sub-29;sub-30;sub-31;sub-32;sub-33;sub-34;sub-35;sub-36;sub-37;sub-39;sub-40;sub-41;sub-42;sub-43;sub-44;sub-45;sub-46;sub-48;sub-49;sub-50;sub-51;sub-53;sub-54;sub-56;sub-57;sub-58;sub-59;sub-60;sub-61;sub-62;sub-63;sub-65;sub-66;sub-68;sub-70;sub-71;sub-72,sub-06;sub-09;sub-10;sub-14;sub-16;sub-17;sub-18;sub-21;sub-24;sub-25;sub-26;sub-38;sub-47;sub-52;sub-55;sub-64;sub-67;sub-69
compat,54,18,432,KNN;Logistic Regression;Decision Tree,0.9306246101755323,0.9892096587365232,0.7222222222222222,0.49230769230769234,0.41935483870967744,0.0,0.266987436514301,0,sub-01;sub-02;sub-03;sub-04;sub-05;sub-07;sub-08;sub-11;sub-12;sub-13;sub-15;sub-19;sub-20;sub-22;sub-23;sub-27;sub-28;sub-29;sub-30;sub-31;sub-32;sub-33;sub-34;sub-35;sub-36;sub-37;sub-39;sub-40;sub-41;sub-42;sub-43;sub-44;sub-45;sub-46;sub-48;sub-49;sub-50;sub-51;sub-53;sub-54;sub-56;sub-57;sub-58;sub-59;sub-60;sub-61;sub-62;sub-63;sub-65;sub-66;sub-68;sub-70;sub-71;sub-72,sub-06;sub-09;sub-10;sub-14;sub-16;sub-17;sub-18;sub-21;sub-24;sub-25;sub-26;sub-38;sub-47;sub-52;sub-55;sub-64;sub-67;sub-69
leak-safe,54,18,54,SVM;Logistic Regression;KNN,0.6054545454545455,0.5933333333333334,0.6111111111111112,0.6153846153846154,0.5785953177257526,0.18181818181818177,-0.01777777777777778,1,sub-01;sub-02;sub-03;sub-04;sub-06;sub-07;sub-09;sub-11;sub-12;sub-13;sub-16;sub-17;sub-18;sub-19;sub-20;sub-21;sub-22;sub-25;sub-26;sub-27;sub-28;sub-32;sub-34;sub-35;sub-36;sub-37;sub-38;sub-39;sub-40;sub-41;sub-43;sub-44;sub-45;sub-46;sub-48;sub-49;sub-50;sub-51;sub-52;sub-53;sub-54;sub-55;sub-56;sub-58;sub-59;sub-62;sub-65;sub-66;sub-67;sub-68;sub-69;sub-70;sub-71;sub-72,sub-05;sub-08;sub-10;sub-14;sub-15;sub-23;sub-24;sub-29;sub-30;sub-31;sub-33;sub-42;sub-47;sub-57;sub-60;sub-61;sub-63;sub-64
compat,54,18,432,Logistic Regression;Decision Tree;Random Forest,0.9232290831328522,0.9953755680299384,0.7777777777777778,0.676923076923077,0.6785714285714286,0.368421052631579,0.21759779025216064,1,sub-01;sub-02;sub-03;sub-04;sub-06;sub-07;sub-09;sub-11;sub-12;sub-13;sub-16;sub-17;sub-18;sub-19;sub-20;sub-21;sub-22;sub-25;sub-26;sub-27;sub-28;sub-32;sub-34;sub-35;sub-36;sub-37;sub-38;sub-39;sub-40;sub-41;sub-43;sub-44;sub-45;sub-46;sub-48;sub-49;sub-50;sub-51;sub-52;sub-53;sub-54;sub-55;sub-56;sub-58;sub-59;sub-62;sub-65;sub-66;sub-67;sub-68;sub-69;sub-70;sub-71;sub-72,sub-05;sub-08;sub-10;sub-14;sub-15;sub-23;sub-24;sub-29;sub-30;sub-31;sub-33;sub-42;sub-47;sub-57;sub-60;sub-61;sub-63;sub-64
leak-safe,54,18,54,Logistic Regression;SVM;Neural Network,0.6196969696969696,0.6793939393939393,0.6111111111111112,0.676923076923077,0.5418181818181818,0.08695652173913038,0.06828282828282817,2,sub-01;sub-02;sub-03;sub-08;sub-09;sub-10;sub-11;sub-12;sub-13;sub-14;sub-15;sub-16;sub-17;sub-18;sub-19;sub-21;sub-22;sub-23;sub-24;sub-26;sub-27;sub-28;sub-29;sub-30;sub-31;sub-33;sub-35;sub-36;sub-37;sub-38;sub-42;sub-45;sub-46;sub-47;sub-48;sub-49;sub-50;sub-51;sub-52;sub-53;sub-54;sub-55;sub-56;sub-57;sub-58;sub-59;sub-61;sub-62;sub-64;sub-66;sub-68;sub-69;sub-70;sub-71,sub-04;sub-05;sub-06;sub-07;sub-20;sub-25;sub-32;sub-34;sub-39;sub-40;sub-41;sub-43;sub-44;sub-60;sub-63;sub-65;sub-67;sub-72
compat,54,18,432,Neural Network;Logistic Regression;KNN,0.9640960527488195,0.9930410763610443,0.6666666666666666,0.6923076923076923,0.5178571428571428,0.052631578947368474,0.3263744096943777,2,sub-01;sub-02;sub-03;sub-08;sub-09;sub-10;sub-11;sub-12;sub-13;sub-14;sub-15;sub-16;sub-17;sub-18;sub-19;sub-21;sub-22;sub-23;sub-24;sub-26;sub-27;sub-28;sub-29;sub-30;sub-31;sub-33;sub-35;sub-36;sub-37;sub-38;sub-42;sub-45;sub-46;sub-47;sub-48;sub-49;sub-50;sub-51;sub-52;sub-53;sub-54;sub-55;sub-56;sub-57;sub-58;sub-59;sub-61;sub-62;sub-64;sub-66;sub-68;sub-69;sub-70;sub-71,sub-04;sub-05;sub-06;sub-07;sub-20;sub-25;sub-32;sub-34;sub-39;sub-40;sub-41;sub-43;sub-44;sub-60;sub-63;sub-65;sub-67;sub-72
leak-safe,54,18,54,Logistic Regression;Neural Network;KNN,0.6990909090909092,0.7812121212121212,0.6111111111111112,0.4769230769230769,0.3793103448275862,-0.18867924528301883,0.17010101010101009,3,sub-01;sub-04;sub-05;sub-07;sub-09;sub-10;sub-11;sub-12;sub-13;sub-14;sub-15;sub-17;sub-18;sub-19;sub-20;sub-21;sub-22;sub-24;sub-26;sub-28;sub-29;sub-31;sub-32;sub-33;sub-35;sub-36;sub-37;sub-38;sub-39;sub-40;sub-42;sub-43;sub-45;sub-46;sub-47;sub-48;sub-49;sub-51;sub-53;sub-54;sub-56;sub-57;sub-58;sub-59;sub-61;sub-63;sub-64;sub-65;sub-66;sub-67;sub-68;sub-69;sub-70;sub-71,sub-02;sub-03;sub-06;sub-08;sub-16;sub-23;sub-25;sub-27;sub-30;sub-34;sub-41;sub-44;sub-50;sub-52;sub-55;sub-60;sub-62;sub-72
compat,54,18,432,KNN;Random Forest;SVM,0.9699812884255546,0.9469304107636104,0.6111111111111112,0.5846153846153846,0.3793103448275862,-0.18867924528301883,0.33581929965249924,3,sub-01;sub-04;sub-05;sub-07;sub-09;sub-10;sub-11;sub-12;sub-13;sub-14;sub-15;sub-17;sub-18;sub-19;sub-20;sub-21;sub-22;sub-24;sub-26;sub-28;sub-29;sub-31;sub-32;sub-33;sub-35;sub-36;sub-37;sub-38;sub-39;sub-40;sub-42;sub-43;sub-45;sub-46;sub-47;sub-48;sub-49;sub-51;sub-53;sub-54;sub-56;sub-57;sub-58;sub-59;sub-61;sub-63;sub-64;sub-65;sub-66;sub-67;sub-68;sub-69;sub-70;sub-71,sub-02;sub-03;sub-06;sub-08;sub-16;sub-23;sub-25;sub-27;sub-30;sub-34;sub-41;sub-44;sub-50;sub-52;sub-55;sub-60;sub-62;sub-72
leak-safe,54,18,54,SVM;Logistic Regression;Neural Network,0.6266666666666667,0.6466666666666666,0.6666666666666666,0.6615384615384615,0.5846153846153846,0.1692307692307693,-0.020000000000000018,4,sub-01;sub-02;sub-04;sub-05;sub-06;sub-07;sub-08;sub-11;sub-12;sub-13;sub-14;sub-15;sub-16;sub-17;sub-18;sub-19;sub-20;sub-21;sub-23;sub-25;sub-26;sub-27;sub-28;sub-29;sub-30;sub-32;sub-35;sub-36;sub-37;sub-38;sub-40;sub-42;sub-43;sub-44;sub-45;sub-47;sub-49;sub-50;sub-52;sub-54;sub-55;sub-56;sub-58;sub-59;sub-61;sub-62;sub-63;sub-64;sub-65;sub-67;sub-68;sub-70;sub-71;sub-72,sub-03;sub-09;sub-10;sub-22;sub-24;sub-31;sub-33;sub-34;sub-39;sub-41;sub-46;sub-48;sub-51;sub-53;sub-57;sub-60;sub-66;sub-69
compat,54,18,432,Decision Tree;Random Forest;Logistic Regression,0.9586786064332175,0.9922658825625946,0.6111111111111112,0.7384615384615385,0.3793103448275862,-0.18867924528301883,0.38115477145148347,4,sub-01;sub-02;sub-04;sub-05;sub-06;sub-07;sub-08;sub-11;sub-12;sub-13;sub-14;sub-15;sub-16;sub-17;sub-18;sub-19;sub-20;sub-21;sub-23;sub-25;sub-26;sub-27;sub-28;sub-29;sub-30;sub-32;sub-35;sub-36;sub-37;sub-38;sub-40;sub-42;sub-43;sub-44;sub-45;sub-47;sub-49;sub-50;sub-52;sub-54;sub-55;sub-56;sub-58;sub-59;sub-61;sub-62;sub-63;sub-64;sub-65;sub-67;sub-68;sub-70;sub-71;sub-72,sub-03;sub-09;sub-10;sub-22;sub-24;sub-31;sub-33;sub-34;sub-39;sub-41;sub-46;sub-48;sub-51;sub-53;sub-57;sub-60;sub-66;sub-69
leak-safe,54,18,54,KNN;SVM;Decision Tree,0.6293939393939394,0.610909090909091,0.5,0.5538461538461539,0.4984520123839009,0.12903225806451601,0.11090909090909096,5,sub-01;sub-03;sub-04;sub-05;sub-06;sub-07;sub-08;sub-09;sub-11;sub-13;sub-14;sub-15;sub-16;sub-18;sub-20;sub-22;sub-24;sub-25;sub-26;sub-27;sub-28;sub-29;sub-30;sub-32;sub-33;sub-34;sub-35;sub-36;sub-37;sub-38;sub-39;sub-40;sub-41;sub-44;sub-46;sub-47;sub-49;sub-51;sub-52;sub-53;sub-54;sub-56;sub-57;sub-59;sub-60;sub-61;sub-62;sub-63;sub-64;sub-65;sub-69;sub-70;sub-71;sub-72,sub-02;sub-10;sub-12;sub-17;sub-19;sub-21;sub-23;sub-31;sub-42;sub-43;sub-45;sub-48;sub-50;sub-55;sub-58;sub-66;sub-67;sub-68
compat,54,18,432,Random Forest;Neural Network;Logistic Regression,0.9101042502004812,0.9853336897442752,0.6666666666666666,0.6307692307692307,0.5178571428571428,0.052631578947368474,0.3186670230776085,5,sub-01;sub-03;sub-04;sub-05;sub-06;sub-07;sub-08;sub-09;sub-11;sub-13;sub-14;sub-15;sub-16;sub-18;sub-20;sub-22;sub-24;sub-25;sub-26;sub-27;sub-28;sub-29;sub-30;sub-32;sub-33;sub-34;sub-35;sub-36;sub-37;sub-38;sub-39;sub-40;sub-41;sub-44;sub-46;sub-47;sub-49;sub-51;sub-52;sub-53;sub-54;sub-56;sub-57;sub-59;sub-60;sub-61;sub-62;sub-63;sub-64;sub-65;sub-69;sub-70;sub-71;sub-72,sub-02;sub-10;sub-12;sub-17;sub-19;sub-21;sub-23;sub-31;sub-42;sub-43;sub-45;sub-48;sub-50;sub-55;sub-58;sub-66;sub-67;sub-68
leak-safe,54,18,54,Neural Network;Logistic Regression;SVM,0.5778787878787878,0.6151515151515151,0.7222222222222222,0.6307692307692307,0.6296296296296295,0.2622950819672131,-0.1070707070707071,6,sub-01;sub-02;sub-04;sub-07;sub-08;sub-09;sub-10;sub-11;sub-12;sub-13;sub-14;sub-15;sub-18;sub-19;sub-21;sub-22;sub-24;sub-25;sub-28;sub-29;sub-30;sub-31;sub-32;sub-33;sub-34;sub-35;sub-36;sub-37;sub-39;sub-40;sub-42;sub-43;sub-46;sub-47;sub-48;sub-49;sub-50;sub-51;sub-52;sub-53;sub-54;sub-56;sub-57;sub-58;sub-59;sub-60;sub-63;sub-64;sub-66;sub-67;sub-68;sub-69;sub-70;sub-71,sub-03;sub-05;sub-06;sub-16;sub-17;sub-20;sub-23;sub-26;sub-27;sub-38;sub-41;sub-44;sub-45;sub-55;sub-61;sub-62;sub-65;sub-72
compat,54,18,432,Random Forest;Logistic Regression;Neural Network,0.9659538447830348,0.9837922124209214,0.8333333333333334,0.676923076923077,0.7339901477832512,0.49056603773584906,0.15045887908758804,6,sub-01;sub-02;sub-04;sub-07;sub-08;sub-09;sub-10;sub-11;sub-12;sub-13;sub-14;sub-15;sub-18;sub-19;sub-21;sub-22;sub-24;sub-25;sub-28;sub-29;sub-30;sub-31;sub-32;sub-33;sub-34;sub-35;sub-36;sub-37;sub-39;sub-40;sub-42;sub-43;sub-46;sub-47;sub-48;sub-49;sub-50;sub-51;sub-52;sub-53;sub-54;sub-56;sub-57;sub-58;sub-59;sub-60;sub-63;sub-64;sub-66;sub-67;sub-68;sub-69;sub-70;sub-71,sub-03;sub-05;sub-06;sub-16;sub-17;sub-20;sub-23;sub-26;sub-27;sub-38;sub-41;sub-44;sub-45;sub-55;sub-61;sub-62;sub-65;sub-72
leak-safe,54,18,54,Random Forest;KNN;Neural Network,0.6206060606060606,0.6551515151515152,0.7222222222222222,0.5846153846153846,0.6296296296296295,0.2622950819672131,-0.06707070707070706,7,sub-02;sub-03;sub-04;sub-07;sub-08;sub-09;sub-11;sub-12;sub-13;sub-14;sub-16;sub-17;sub-18;sub-19;sub-21;sub-22;sub-23;sub-26;sub-27;sub-28;sub-29;sub-30;sub-31;sub-32;sub-33;sub-34;sub-37;sub-38;sub-40;sub-41;sub-42;sub-43;sub-44;sub-46;sub-47;sub-48;sub-49;sub-51;sub-52;sub-53;sub-54;sub-57;sub-58;sub-60;sub-61;sub-62;sub-63;sub-64;sub-65;sub-68;sub-69;sub-70;sub-71;sub-72,sub-01;sub-05;sub-06;sub-10;sub-15;sub-20;sub-24;sub-25;sub-35;sub-36;sub-39;sub-45;sub-50;sub-55;sub-56;sub-59;sub-66;sub-67
compat,54,18,432,Logistic Regression;Random Forest;Neural Network,0.9220484718880869,0.9876414505925332,0.6666666666666666,0.5076923076923077,0.5178571428571428,0.052631578947368474,0.32097478392586654,7,sub-02;sub-03;sub-04;sub-07;sub-08;sub-09;sub-11;sub-12;sub-13;sub-14;sub-16;sub-17;sub-18;sub-19;sub-21;sub-22;sub-23;sub-26;sub-27;sub-28;sub-29;sub-30;sub-31;sub-32;sub-33;sub-34;sub-37;sub-38;sub-40;sub-41;sub-42;sub-43;sub-44;sub-46;sub-47;sub-48;sub-49;sub-51;sub-52;sub-53;sub-54;sub-57;sub-58;sub-60;sub-61;sub-62;sub-63;sub-64;sub-65;sub-68;sub-69;sub-70;sub-71;sub-72,sub-01;sub-05;sub-06;sub-10;sub-15;sub-20;sub-24;sub-25;sub-35;sub-36;sub-39;sub-45;sub-50;sub-55;sub-56;sub-59;sub-66;sub-67
leak-safe,54,18,54,SVM;Logistic Regression;KNN,0.6309090909090909,0.6121212121212122,0.5,0.5846153846153845,0.4984520123839009,0.12903225806451601,0.11212121212121218,8,sub-01;sub-02;sub-04;sub-05;sub-06;sub-07;sub-09;sub-11;sub-12;sub-13;sub-14;sub-15;sub-17;sub-19;sub-20;sub-21;sub-22;sub-24;sub-25;sub-26;sub-30;sub-31;sub-32;sub-33;sub-34;sub-35;sub-36;sub-37;sub-40;sub-41;sub-44;sub-45;sub-46;sub-47;sub-48;sub-49;sub-50;sub-51;sub-52;sub-53;sub-54;sub-56;sub-58;sub-59;sub-62;sub-63;sub-64;sub-65;sub-66;sub-67;sub-68;sub-70;sub-71;sub-72,sub-03;sub-08;sub-10;sub-16;sub-18;sub-23;sub-27;sub-28;sub-29;sub-38;sub-39;sub-42;sub-43;sub-55;sub-57;sub-60;sub-61;sub-69
compat,54,18,432,Decision Tree;Random Forest;KNN,0.9641272387062282,0.9877127327808964,0.5,0.6230769230769231,0.4109090909090909,-0.17391304347826098,0.48771273278089644,8,sub-01;sub-02;sub-04;sub-05;sub-06;sub-07;sub-09;sub-11;sub-12;sub-13;sub-14;sub-15;sub-17;sub-19;sub-20;sub-21;sub-22;sub-24;sub-25;sub-26;sub-30;sub-31;sub-32;sub-33;sub-34;sub-35;sub-36;sub-37;sub-40;sub-41;sub-44;sub-45;sub-46;sub-47;sub-48;sub-49;sub-50;sub-51;sub-52;sub-53;sub-54;sub-56;sub-58;sub-59;sub-62;sub-63;sub-64;sub-65;sub-66;sub-67;sub-68;sub-70;sub-71;sub-72,sub-03;sub-08;sub-10;sub-16;sub-18;sub-23;sub-27;sub-28;sub-29;sub-38;sub-39;sub-42;sub-43;sub-55;sub-57;sub-60;sub-61;sub-69
leak-safe,54,18,54,KNN;Neural Network;Logistic Regression,0.5751515151515152,0.6418181818181818,0.7222222222222222,0.8461538461538461,0.6296296296296295,0.2622950819672131,-0.08040404040404037,9,sub-02;sub-03;sub-04;sub-06;sub-07;sub-08;sub-09;sub-11;sub-12;sub-13;sub-15;sub-16;sub-18;sub-19;sub-20;sub-21;sub-22;sub-24;sub-25;sub-26;sub-27;sub-28;sub-29;sub-31;sub-32;sub-33;sub-35;sub-37;sub-38;sub-40;sub-42;sub-43;sub-44;sub-45;sub-46;sub-49;sub-50;sub-51;sub-54;sub-55;sub-56;sub-57;sub-58;sub-59;sub-61;sub-62;sub-63;sub-64;sub-65;sub-66;sub-67;sub-68;sub-70;sub-71,sub-01;sub-05;sub-10;sub-14;sub-17;sub-23;sub-30;sub-34;sub-36;sub-39;sub-41;sub-47;sub-48;sub-52;sub-53;sub-60;sub-69;sub-72
compat,54,18,432,Logistic Regression;KNN;Neural Network,0.940220974783926,0.9953755680299384,0.7222222222222222,0.7076923076923078,0.5566502463054187,0.15094339622641517,0.2731533458077162,9,sub-02;sub-03;sub-04;sub-06;sub-07;sub-08;sub-09;sub-11;sub-12;sub-13;sub-15;sub-16;sub-18;sub-19;sub-20;sub-21;sub-22;sub-24;sub-25;sub-26;sub-27;sub-28;sub-29;sub-31;sub-32;sub-33;sub-35;sub-37;sub-38;sub-40;sub-42;sub-43;sub-44;sub-45;sub-46;sub-49;sub-50;sub-51;sub-54;sub-55;sub-56;sub-57;sub-58;sub-59;sub-61;sub-62;sub-63;sub-64;sub-65;sub-66;sub-67;sub-68;sub-70;sub-71,sub-01;sub-05;sub-10;sub-14;sub-17;sub-23;sub-30;sub-34;sub-36;sub-39;sub-41;sub-47;sub-48;sub-52;sub-53;sub-60;sub-69;sub-72
leak-safe,54,18,54,Neural Network;Logistic Regression;SVM,0.7178787878787879,0.7521212121212123,0.7222222222222222,0.5692307692307692,0.6296296296296295,0.2622950819672131,0.02989898989899009,10,sub-01;sub-02;sub-03;sub-04;sub-05;sub-07;sub-08;sub-10;sub-11;sub-12;sub-13;sub-16;sub-17;sub-18;sub-19;sub-20;sub-21;sub-22;sub-24;sub-25;sub-27;sub-28;sub-30;sub-32;sub-33;sub-35;sub-36;sub-38;sub-39;sub-40;sub-41;sub-42;sub-43;sub-45;sub-47;sub-48;sub-49;sub-50;sub-53;sub-54;sub-55;sub-57;sub-58;sub-59;sub-60;sub-62;sub-63;sub-64;sub-65;sub-66;sub-69;sub-70;sub-71;sub-72,sub-06;sub-09;sub-14;sub-15;sub-23;sub-26;sub-29;sub-31;sub-34;sub-37;sub-44;sub-46;sub-51;sub-52;sub-56;sub-61;sub-67;sub-68
compat,54,18,432,Random Forest;Neural Network;Logistic Regression,0.9765036086607859,1.0,0.6666666666666666,0.6461538461538462,0.5178571428571428,0.052631578947368474,0.33333333333333337,10,sub-01;sub-02;sub-03;sub-04;sub-05;sub-07;sub-08;sub-10;sub-11;sub-12;sub-13;sub-16;sub-17;sub-18;sub-19;sub-20;sub-21;sub-22;sub-24;sub-25;sub-27;sub-28;sub-30;sub-32;sub-33;sub-35;sub-36;sub-38;sub-39;sub-40;sub-41;sub-42;sub-43;sub-45;sub-47;sub-48;sub-49;sub-50;sub-53;sub-54;sub-55;sub-57;sub-58;sub-59;sub-60;sub-62;sub-63;sub-64;sub-65;sub-66;sub-69;sub-70;sub-71;sub-72,sub-06;sub-09;sub-14;sub-15;sub-23;sub-26;sub-29;sub-31;sub-34;sub-37;sub-44;sub-46;sub-51;sub-52;sub-56;sub-61;sub-67;sub-68
leak-safe,54,18,54,KNN;Logistic Regression;Decision Tree,0.5787878787878787,0.5848484848484848,0.5555555555555556,0.5384615384615384,0.5324675324675324,0.11111111111111116,0.02929292929292926,11,sub-02;sub-03;sub-05;sub-06;sub-08;sub-09;sub-10;sub-12;sub-13;sub-14;sub-15;sub-17;sub-19;sub-20;sub-21;sub-22;sub-23;sub-25;sub-27;sub-29;sub-30;sub-31;sub-32;sub-34;sub-35;sub-36;sub-37;sub-38;sub-39;sub-40;sub-41;sub-42;sub-45;sub-46;sub-47;sub-48;sub-50;sub-51;sub-52;sub-54;sub-55;sub-56;sub-57;sub-58;sub-59;sub-60;sub-61;sub-62;sub-63;sub-66;sub-67;sub-70;sub-71;sub-72,sub-01;sub-04;sub-07;sub-11;sub-16;sub-18;sub-24;sub-26;sub-28;sub-33;sub-43;sub-44;sub-49;sub-53;sub-64;sub-65;sub-68;sub-69
compat,54,18,432,Logistic Regression;Random Forest;KNN,0.921308919183819,0.994627105052125,0.6666666666666666,0.5230769230769231,0.5846153846153846,0.1692307692307693,0.3279604383854584,11,sub-02;sub-03;sub-05;sub-06;sub-08;sub-09;sub-10;sub-12;sub-13;sub-14;sub-15;sub-17;sub-19;sub-20;sub-21;sub-22;sub-23;sub-25;sub-27;sub-29;sub-30;sub-31;sub-32;sub-34;sub-35;sub-36;sub-37;sub-38;sub-39;sub-40;sub-41;sub-42;sub-45;sub-46;sub-47;sub-48;sub-50;sub-51;sub-52;sub-54;sub-55;sub-56;sub-57;sub-58;sub-59;sub-60;sub-61;sub-62;sub-63;sub-66;sub-67;sub-70;sub-71;sub-72,sub-01;sub-04;sub-07;sub-11;sub-16;sub-18;sub-24;sub-26;sub-28;sub-33;sub-43;sub-44;sub-49;sub-53;sub-64;sub-65;sub-68;sub-69
leak-safe,54,18,54,KNN;SVM;Random Forest,0.6363636363636364,0.6509090909090909,0.6111111111111112,0.6,0.5785953177257526,0.18181818181818177,0.03979797979797972,12,sub-01;sub-02;sub-03;sub-04;sub-05;sub-06;sub-07;sub-08;sub-09;sub-10;sub-11;sub-12;sub-13;sub-15;sub-16;sub-18;sub-20;sub-22;sub-24;sub-25;sub-27;sub-28;sub-29;sub-30;sub-32;sub-35;sub-38;sub-39;sub-40;sub-41;sub-42;sub-43;sub-44;sub-45;sub-46;sub-47;sub-49;sub-51;sub-52;sub-53;sub-56;sub-57;sub-59;sub-60;sub-61;sub-62;sub-64;sub-65;sub-66;sub-67;sub-68;sub-70;sub-71;sub-72,sub-14;sub-17;sub-19;sub-21;sub-23;sub-26;sub-31;sub-33;sub-34;sub-36;sub-37;sub-48;sub-50;sub-54;sub-55;sub-58;sub-63;sub-69
compat,54,18,432,Logistic Regression;KNN;Random Forest,0.9806513409961687,0.9961596721019336,0.7222222222222222,0.6153846153846154,0.5566502463054187,0.15094339622641517,0.27393744987971136,12,sub-01;sub-02;sub-03;sub-04;sub-05;sub-06;sub-07;sub-08;sub-09;sub-10;sub-11;sub-12;sub-13;sub-15;sub-16;sub-18;sub-20;sub-22;sub-24;sub-25;sub-27;sub-28;sub-29;sub-30;sub-32;sub-35;sub-38;sub-39;sub-40;sub-41;sub-42;sub-43;sub-44;sub-45;sub-46;sub-47;sub-49;sub-51;sub-52;sub-53;sub-56;sub-57;sub-59;sub-60;sub-61;sub-62;sub-64;sub-65;sub-66;sub-67;sub-68;sub-70;sub-71;sub-72,sub-14;sub-17;sub-19;sub-21;sub-23;sub-26;sub-31;sub-33;sub-34;sub-36;sub-37;sub-48;sub-50;sub-54;sub-55;sub-58;sub-63;sub-69
leak-safe,54,18,54,Logistic Regression;Neural Network;SVM,0.5942424242424243,0.6145454545454546,0.7222222222222222,0.7230769230769231,0.6296296296296295,0.2622950819672131,-0.10767676767676759,13,sub-01;sub-03;sub-04;sub-05;sub-06;sub-07;sub-08;sub-09;sub-10;sub-11;sub-14;sub-15;sub-16;sub-17;sub-18;sub-21;sub-24;sub-26;sub-27;sub-28;sub-30;sub-31;sub-32;sub-34;sub-35;sub-36;sub-37;sub-38;sub-39;sub-40;sub-41;sub-42;sub-43;sub-44;sub-46;sub-48;sub-49;sub-51;sub-52;sub-53;sub-54;sub-55;sub-56;sub-57;sub-59;sub-60;sub-61;sub-63;sub-64;sub-65;sub-66;sub-67;sub-69;sub-72,sub-02;sub-12;sub-13;sub-19;sub-20;sub-22;sub-23;sub-25;sub-29;sub-33;sub-45;sub-47;sub-50;sub-58;sub-62;sub-68;sub-70;sub-71
compat,54,18,432,Logistic Regression;Neural Network;KNN,0.9764456918827408,0.9845317651251894,0.8333333333333334,0.8,0.7339901477832512,0.49056603773584906,0.151198431791856,13,sub-01;sub-03;sub-04;sub-05;sub-06;sub-07;sub-08;sub-09;sub-10;sub-11;sub-14;sub-15;sub-16;sub-17;sub-18;sub-21;sub-24;sub-26;sub-27;sub-28;sub-30;sub-31;sub-32;sub-34;sub-35;sub-36;sub-37;sub-38;sub-39;sub-40;sub-41;sub-42;sub-43;sub-44;sub-46;sub-48;sub-49;sub-51;sub-52;sub-53;sub-54;sub-55;sub-56;sub-57;sub-59;sub-60;sub-61;sub-63;sub-64;sub-65;sub-66;sub-67;sub-69;sub-72,sub-02;sub-12;sub-13;sub-19;sub-20;sub-22;sub-23;sub-25;sub-29;sub-33;sub-45;sub-47;sub-50;sub-58;sub-62;sub-68;sub-70;sub-71
leak-safe,54,18,54,Logistic Regression;KNN;SVM,0.6484848484848484,0.6981818181818182,0.5555555555555556,0.5076923076923077,0.5,0.013698630136986245,0.14262626262626266,14,sub-02;sub-03;sub-07;sub-08;sub-09;sub-10;sub-11;sub-12;sub-13;sub-15;sub-17;sub-19;sub-20;sub-22;sub-23;sub-24;sub-25;sub-26;sub-27;sub-28;sub-29;sub-30;sub-31;sub-32;sub-33;sub-34;sub-35;sub-36;sub-37;sub-39;sub-43;sub-44;sub-45;sub-46;sub-47;sub-48;sub-50;sub-51;sub-52;sub-53;sub-54;sub-55;sub-56;sub-57;sub-60;sub-61;sub-65;sub-66;sub-67;sub-68;sub-69;sub-70;sub-71;sub-72,sub-01;sub-04;sub-05;sub-06;sub-14;sub-16;sub-18;sub-21;sub-38;sub-40;sub-41;sub-42;sub-49;sub-58;sub-59;sub-62;sub-63;sub-64
compat,54,18,432,Decision Tree;Neural Network;Logistic Regression,0.9455938697318008,0.9930678071816805,0.6666666666666666,0.5384615384615385,0.4,-0.1020408163265305,0.3264011405150139,14,sub-02;sub-03;sub-07;sub-08;sub-09;sub-10;sub-11;sub-12;sub-13;sub-15;sub-17;sub-19;sub-20;sub-22;sub-23;sub-24;sub-25;sub-26;sub-27;sub-28;sub-29;sub-30;sub-31;sub-32;sub-33;sub-34;sub-35;sub-36;sub-37;sub-39;sub-43;sub-44;sub-45;sub-46;sub-47;sub-48;sub-50;sub-51;sub-52;sub-53;sub-54;sub-55;sub-56;sub-57;sub-60;sub-61;sub-65;sub-66;sub-67;sub-68;sub-69;sub-70;sub-71;sub-72,sub-01;sub-04;sub-05;sub-06;sub-14;sub-16;sub-18;sub-21;sub-38;sub-40;sub-41;sub-42;sub-49;sub-58;sub-59;sub-62;sub-63;sub-64
leak-safe,54,18,54,SVM;KNN;Logistic Regression,0.6315151515151515,0.6351515151515151,0.6666666666666666,0.7846153846153846,0.5846153846153846,0.1692307692307693,-0.031515151515151496,15,sub-01;sub-03;sub-04;sub-05;sub-06;sub-08;sub-09;sub-10;sub-11;sub-13;sub-14;sub-15;sub-16;sub-17;sub-18;sub-19;sub-20;sub-21;sub-23;sub-24;sub-25;sub-26;sub-28;sub-29;sub-30;sub-31;sub-34;sub-36;sub-37;sub-38;sub-39;sub-40;sub-42;sub-43;sub-45;sub-46;sub-47;sub-48;sub-53;sub-54;sub-55;sub-56;sub-58;sub-61;sub-62;sub-63;sub-65;sub-66;sub-67;sub-68;sub-69;sub-70;sub-71;sub-72,sub-02;sub-07;sub-12;sub-22;sub-27;sub-32;sub-33;sub-35;sub-41;sub-44;sub-49;sub-50;sub-51;sub-52;sub-57;sub-59;sub-60;sub-64
compat,54,18,432,Neural Network;Logistic Regression;KNN,0.988456740621937,0.9977011494252874,0.7777777777777778,0.8,0.6785714285714286,0.368421052631579,0.21992337164750964,15,sub-01;sub-03;sub-04;sub-05;sub-06;sub-08;sub-09;sub-10;sub-11;sub-13;sub-14;sub-15;sub-16;sub-17;sub-18;sub-19;sub-20;sub-21;sub-23;sub-24;sub-25;sub-26;sub-28;sub-29;sub-30;sub-31;sub-34;sub-36;sub-37;sub-38;sub-39;sub-40;sub-42;sub-43;sub-45;sub-46;sub-47;sub-48;sub-53;sub-54;sub-55;sub-56;sub-58;sub-61;sub-62;sub-63;sub-65;sub-66;sub-67;sub-68;sub-69;sub-70;sub-71;sub-72,sub-02;sub-07;sub-12;sub-22;sub-27;sub-32;sub-33;sub-35;sub-41;sub-44;sub-49;sub-50;sub-51;sub-52;sub-57;sub-59;sub-60;sub-64
leak-safe,54,18,54,Logistic Regression;Decision Tree;SVM,0.6039393939393939,0.6260606060606061,0.8333333333333334,0.9076923076923077,0.8036363636363637,0.6086956521739131,-0.20727272727272728,16,sub-02;sub-03;sub-04;sub-05;sub-06;sub-07;sub-08;sub-10;sub-11;sub-12;sub-13;sub-16;sub-17;sub-19;sub-20;sub-21;sub-22;sub-23;sub-24;sub-25;sub-26;sub-27;sub-28;sub-30;sub-31;sub-32;sub-33;sub-34;sub-36;sub-39;sub-40;sub-41;sub-43;sub-44;sub-46;sub-47;sub-50;sub-51;sub-52;sub-54;sub-55;sub-58;sub-59;sub-60;sub-62;sub-63;sub-64;sub-65;sub-67;sub-68;sub-69;sub-70;sub-71;sub-72,sub-01;sub-09;sub-14;sub-15;sub-18;sub-29;sub-35;sub-37;sub-38;sub-42;sub-45;sub-48;sub-49;sub-53;sub-56;sub-57;sub-61;sub-66
compat,54,18,432,Logistic Regression;Decision Tree;Random Forest,0.929715762273902,0.9868395259734474,0.7777777777777778,0.8615384615384616,0.6,0.26530612244897966,0.20906174819566958,16,sub-02;sub-03;sub-04;sub-05;sub-06;sub-07;sub-08;sub-10;sub-11;sub-12;sub-13;sub-16;sub-17;sub-19;sub-20;sub-21;sub-22;sub-23;sub-24;sub-25;sub-26;sub-27;sub-28;sub-30;sub-31;sub-32;sub-33;sub-34;sub-36;sub-39;sub-40;sub-41;sub-43;sub-44;sub-46;sub-47;sub-50;sub-51;sub-52;sub-54;sub-55;sub-58;sub-59;sub-60;sub-62;sub-63;sub-64;sub-65;sub-67;sub-68;sub-69;sub-70;sub-71;sub-72,sub-01;sub-09;sub-14;sub-15;sub-18;sub-29;sub-35;sub-37;sub-38;sub-42;sub-45;sub-48;sub-49;sub-53;sub-56;sub-57;sub-61;sub-66
leak-safe,54,18,54,Neural Network;Logistic Regression;SVM,0.6315151515151515,0.6696969696969698,0.6666666666666666,0.6923076923076923,0.5846153846153846,0.1692307692307693,0.003030303030303161,17,sub-01;sub-02;sub-04;sub-05;sub-07;sub-08;sub-09;sub-10;sub-11;sub-12;sub-13;sub-15;sub-16;sub-17;sub-19;sub-20;sub-21;sub-22;sub-23;sub-24;sub-25;sub-26;sub-27;sub-29;sub-30;sub-32;sub-34;sub-35;sub-36;sub-37;sub-40;sub-41;sub-43;sub-44;sub-45;sub-47;sub-48;sub-50;sub-52;sub-53;sub-54;sub-55;sub-56;sub-57;sub-59;sub-60;sub-61;sub-62;sub-63;sub-64;sub-65;sub-66;sub-70;sub-71,sub-03;sub-06;sub-14;sub-18;sub-28;sub-31;sub-33;sub-38;sub-39;sub-42;sub-46;sub-49;sub-51;sub-58;sub-67;sub-68;sub-69;sub-72
compat,54,18,432,KNN;Logistic Regression;Random Forest,0.95414327719861,0.9823041967388398,0.7777777777777778,0.7384615384615384,0.6785714285714286,0.368421052631579,0.20452641896106205,17,sub-01;sub-02;sub-04;sub-05;sub-07;sub-08;sub-09;sub-10;sub-11;sub-12;sub-13;sub-15;sub-16;sub-17;sub-19;sub-20;sub-21;sub-22;sub-23;sub-24;sub-25;sub-26;sub-27;sub-29;sub-30;sub-32;sub-34;sub-35;sub-36;sub-37;sub-40;sub-41;sub-43;sub-44;sub-45;sub-47;sub-48;sub-50;sub-52;sub-53;sub-54;sub-55;sub-56;sub-57;sub-59;sub-60;sub-61;sub-62;sub-63;sub-64;sub-65;sub-66;sub-70;sub-71,sub-03;sub-06;sub-14;sub-18;sub-28;sub-31;sub-33;sub-38;sub-39;sub-42;sub-46;sub-49;sub-51;sub-58;sub-67;sub-68;sub-69;sub-72
leak-safe,54,18,54,Logistic Regression;Neural Network;SVM,0.6363636363636364,0.6703030303030303,0.6111111111111112,0.6153846153846154,0.5418181818181818,0.08695652173913038,0.05919191919191913,18,sub-01;sub-03;sub-08;sub-11;sub-12;sub-13;sub-16;sub-17;sub-18;sub-20;sub-21;sub-23;sub-24;sub-25;sub-26;sub-27;sub-28;sub-29;sub-30;sub-31;sub-32;sub-33;sub-34;sub-35;sub-36;sub-38;sub-39;sub-40;sub-41;sub-42;sub-43;sub-45;sub-46;sub-47;sub-48;sub-49;sub-50;sub-51;sub-52;sub-53;sub-54;sub-55;sub-56;sub-58;sub-59;sub-60;sub-61;sub-63;sub-64;sub-65;sub-67;sub-68;sub-70;sub-72,sub-02;sub-04;sub-05;sub-06;sub-07;sub-09;sub-10;sub-14;sub-15;sub-19;sub-22;sub-37;sub-44;sub-57;sub-62;sub-66;sub-69;sub-71
compat,54,18,432,Random Forest;SVM;Decision Tree,0.9270605007573733,0.8626035819299652,0.7222222222222222,0.6923076923076924,0.6296296296296295,0.2622950819672131,0.14038135970774301,18,sub-01;sub-03;sub-08;sub-11;sub-12;sub-13;sub-16;sub-17;sub-18;sub-20;sub-21;sub-23;sub-24;sub-25;sub-26;sub-27;sub-28;sub-29;sub-30;sub-31;sub-32;sub-33;sub-34;sub-35;sub-36;sub-38;sub-39;sub-40;sub-41;sub-42;sub-43;sub-45;sub-46;sub-47;sub-48;sub-49;sub-50;sub-51;sub-52;sub-53;sub-54;sub-55;sub-56;sub-58;sub-59;sub-60;sub-61;sub-63;sub-64;sub-65;sub-67;sub-68;sub-70;sub-72,sub-02;sub-04;sub-05;sub-06;sub-07;sub-09;sub-10;sub-14;sub-15;sub-19;sub-22;sub-37;sub-44;sub-57;sub-62;sub-66;sub-69;sub-71
leak-safe,54,18,54,Decision Tree;Logistic Regression;Random Forest,0.6145454545454545,0.6915151515151514,0.4444444444444444,0.6,0.375,-0.23287671232876717,0.247070707070707,19,sub-01;sub-02;sub-04;sub-07;sub-08;sub-09;sub-10;sub-11;sub-12;sub-13;sub-14;sub-15;sub-16;sub-17;sub-19;sub-20;sub-21;sub-22;sub-23;sub-24;sub-25;sub-26;sub-27;sub-28;sub-30;sub-31;sub-32;sub-34;sub-35;sub-37;sub-39;sub-42;sub-43;sub-44;sub-45;sub-46;sub-47;sub-50;sub-52;sub-53;sub-55;sub-56;sub-57;sub-58;sub-59;sub-61;sub-63;sub-64;sub-65;sub-67;sub-68;sub-69;sub-70;sub-72,sub-03;sub-05;sub-06;sub-18;sub-29;sub-33;sub-36;sub-38;sub-40;sub-41;sub-48;sub-49;sub-51;sub-54;sub-60;sub-62;sub-66;sub-71
compat,54,18,432,Logistic Regression;Random Forest;Neural Network,0.9363227301078143,0.9945914639579435,0.6666666666666666,0.7692307692307693,0.5178571428571428,0.052631578947368474,0.3279247972912769,19,sub-01;sub-02;sub-04;sub-07;sub-08;sub-09;sub-10;sub-11;sub-12;sub-13;sub-14;sub-15;sub-16;sub-17;sub-19;sub-20;sub-21;sub-22;sub-23;sub-24;sub-25;sub-26;sub-27;sub-28;sub-30;sub-31;sub-32;sub-34;sub-35;sub-37;sub-39;sub-42;sub-43;sub-44;sub-45;sub-46;sub-47;sub-50;sub-52;sub-53;sub-55;sub-56;sub-57;sub-58;sub-59;sub-61;sub-63;sub-64;sub-65;sub-67;sub-68;sub-69;sub-70;sub-72,sub-03;sub-05;sub-06;sub-18;sub-29;sub-33;sub-36;sub-38;sub-40;sub-41;sub-48;sub-49;sub-51;sub-54;sub-60;sub-62;sub-66;sub-71
leak-safe,54,18,54,Neural Network;SVM;Random Forest,0.6627272727272727,0.7018181818181818,0.7777777777777778,0.5846153846153846,0.6785714285714286,0.368421052631579,-0.075959595959596,20,sub-01;sub-02;sub-03;sub-05;sub-06;sub-08;sub-09;sub-10;sub-13;sub-15;sub-16;sub-17;sub-18;sub-19;sub-21;sub-22;sub-23;sub-24;sub-25;sub-28;sub-29;sub-30;sub-32;sub-34;sub-36;sub-37;sub-38;sub-39;sub-40;sub-41;sub-42;sub-43;sub-44;sub-45;sub-46;sub-49;sub-50;sub-51;sub-52;sub-53;sub-54;sub-56;sub-57;sub-58;sub-60;sub-62;sub-64;sub-65;sub-66;sub-68;sub-69;sub-70;sub-71;sub-72,sub-04;sub-07;sub-11;sub-12;sub-14;sub-20;sub-26;sub-27;sub-31;sub-33;sub-35;sub-47;sub-48;sub-55;sub-59;sub-61;sub-63;sub-67
compat,54,18,432,Logistic Regression;Random Forest;Neural Network,0.9810344827586207,0.9945914639579435,0.7777777777777778,0.6615384615384615,0.6785714285714286,0.368421052631579,0.21681368618016572,20,sub-01;sub-02;sub-03;sub-05;sub-06;sub-08;sub-09;sub-10;sub-13;sub-15;sub-16;sub-17;sub-18;sub-19;sub-21;sub-22;sub-23;sub-24;sub-25;sub-28;sub-29;sub-30;sub-32;sub-34;sub-36;sub-37;sub-38;sub-39;sub-40;sub-41;sub-42;sub-43;sub-44;sub-45;sub-46;sub-49;sub-50;sub-51;sub-52;sub-53;sub-54;sub-56;sub-57;sub-58;sub-60;sub-62;sub-64;sub-65;sub-66;sub-68;sub-69;sub-70;sub-71;sub-72,sub-04;sub-07;sub-11;sub-12;sub-14;sub-20;sub-26;sub-27;sub-31;sub-33;sub-35;sub-47;sub-48;sub-55;sub-59;sub-61;sub-63;sub-67
leak-safe,54,18,54,Neural Network;Logistic Regression;Decision Tree,0.6518181818181819,0.7090909090909091,0.7777777777777778,0.8615384615384616,0.7230769230769231,0.4461538461538461,-0.06868686868686869,21,sub-01;sub-02;sub-03;sub-04;sub-05;sub-08;sub-09;sub-10;sub-11;sub-12;sub-14;sub-15;sub-16;sub-18;sub-20;sub-21;sub-22;sub-23;sub-24;sub-25;sub-26;sub-27;sub-29;sub-30;sub-31;sub-32;sub-33;sub-37;sub-40;sub-41;sub-43;sub-44;sub-45;sub-46;sub-47;sub-48;sub-50;sub-51;sub-52;sub-53;sub-54;sub-55;sub-57;sub-58;sub-59;sub-60;sub-62;sub-63;sub-64;sub-65;sub-66;sub-70;sub-71;sub-72,sub-06;sub-07;sub-13;sub-17;sub-19;sub-28;sub-34;sub-35;sub-36;sub-38;sub-39;sub-42;sub-49;sub-56;sub-61;sub-67;sub-68;sub-69
compat,54,18,432,Logistic Regression;SVM;Neural Network,0.9275149247081886,0.8588790875879889,0.7777777777777778,0.8,0.7230769230769231,0.4461538461538461,0.08110130981021113,21,sub-01;sub-02;sub-03;sub-04;sub-05;sub-08;sub-09;sub-10;sub-11;sub-12;sub-14;sub-15;sub-16;sub-18;sub-20;sub-21;sub-22;sub-23;sub-24;sub-25;sub-26;sub-27;sub-29;sub-30;sub-31;sub-32;sub-33;sub-37;sub-40;sub-41;sub-43;sub-44;sub-45;sub-46;sub-47;sub-48;sub-50;sub-51;sub-52;sub-53;sub-54;sub-55;sub-57;sub-58;sub-59;sub-60;sub-62;sub-63;sub-64;sub-65;sub-66;sub-70;sub-71;sub-72,sub-06;sub-07;sub-13;sub-17;sub-19;sub-28;sub-34;sub-35;sub-36;sub-38;sub-39;sub-42;sub-49;sub-56;sub-61;sub-67;sub-68;sub-69
leak-safe,54,18,54,Logistic Regression;Neural Network;SVM,0.7027272727272728,0.7272727272727272,0.6111111111111112,0.6,0.5418181818181818,0.08695652173913038,0.11616161616161602,22,sub-01;sub-02;sub-04;sub-05;sub-06;sub-07;sub-09;sub-10;sub-11;sub-12;sub-13;sub-14;sub-15;sub-16;sub-17;sub-21;sub-22;sub-23;sub-25;sub-26;sub-27;sub-29;sub-31;sub-32;sub-33;sub-34;sub-35;sub-36;sub-37;sub-38;sub-42;sub-43;sub-45;sub-46;sub-48;sub-49;sub-50;sub-51;sub-53;sub-54;sub-55;sub-57;sub-59;sub-60;sub-61;sub-62;sub-63;sub-65;sub-66;sub-67;sub-68;sub-69;sub-70;sub-71,sub-03;sub-08;sub-18;sub-19;sub-20;sub-24;sub-28;sub-30;sub-39;sub-40;sub-41;sub-44;sub-47;sub-52;sub-56;sub-58;sub-64;sub-72
compat,54,18,432,Random Forest;SVM;Logistic Regression,0.9559698832754165,0.9157979149959904,0.6111111111111112,0.6307692307692307,0.48148148148148145,-0.032786885245901676,0.30468680388487923,22,sub-01;sub-02;sub-04;sub-05;sub-06;sub-07;sub-09;sub-10;sub-11;sub-12;sub-13;sub-14;sub-15;sub-16;sub-17;sub-21;sub-22;sub-23;sub-25;sub-26;sub-27;sub-29;sub-31;sub-32;sub-33;sub-34;sub-35;sub-36;sub-37;sub-38;sub-42;sub-43;sub-45;sub-46;sub-48;sub-49;sub-50;sub-51;sub-53;sub-54;sub-55;sub-57;sub-59;sub-60;sub-61;sub-62;sub-63;sub-65;sub-66;sub-67;sub-68;sub-69;sub-70;sub-71,sub-03;sub-08;sub-18;sub-19;sub-20;sub-24;sub-28;sub-30;sub-39;sub-40;sub-41;sub-44;sub-47;sub-52;sub-56;sub-58;sub-64;sub-72
leak-safe,54,18,54,Logistic Regression;SVM;KNN,0.6112121212121213,0.6103030303030303,0.7777777777777778,0.7692307692307693,0.7662337662337663,0.5555555555555556,-0.16747474747474744,23,sub-02;sub-03;sub-04;sub-05;sub-07;sub-08;sub-09;sub-10;sub-11;sub-12;sub-14;sub-15;sub-17;sub-18;sub-19;sub-21;sub-23;sub-24;sub-25;sub-26;sub-28;sub-29;sub-30;sub-31;sub-32;sub-33;sub-35;sub-36;sub-38;sub-39;sub-41;sub-43;sub-44;sub-46;sub-47;sub-48;sub-49;sub-50;sub-52;sub-53;sub-54;sub-55;sub-56;sub-57;sub-59;sub-62;sub-63;sub-64;sub-65;sub-66;sub-67;sub-68;sub-69;sub-72,sub-01;sub-06;sub-13;sub-16;sub-20;sub-22;sub-27;sub-34;sub-37;sub-40;sub-42;sub-45;sub-51;sub-58;sub-60;sub-61;sub-70;sub-71
compat,54,18,432,Neural Network;Logistic Regression;KNN,0.9807760848258041,0.9930678071816805,0.6666666666666666,0.8153846153846154,0.5178571428571428,0.052631578947368474,0.3264011405150139,23,sub-02;sub-03;sub-04;sub-05;sub-07;sub-08;sub-09;sub-10;sub-11;sub-12;sub-14;sub-15;sub-17;sub-18;sub-19;sub-21;sub-23;sub-24;sub-25;sub-26;sub-28;sub-29;sub-30;sub-31;sub-32;sub-33;sub-35;sub-36;sub-38;sub-39;sub-41;sub-43;sub-44;sub-46;sub-47;sub-48;sub-49;sub-50;sub-52;sub-53;sub-54;sub-55;sub-56;sub-57;sub-59;sub-62;sub-63;sub-64;sub-65;sub-66;sub-67;sub-68;sub-69;sub-72,sub-01;sub-06;sub-13;sub-16;sub-20;sub-22;sub-27;sub-34;sub-37;sub-40;sub-42;sub-45;sub-51;sub-58;sub-60;sub-61;sub-70;sub-71
leak-safe,54,18,54,Decision Tree;Logistic Regression;KNN,0.689090909090909,0.6866666666666666,0.7777777777777778,0.8,0.7230769230769231,0.4461538461538461,-0.09111111111111114,24,sub-03;sub-04;sub-05;sub-06;sub-08;sub-09;sub-10;sub-12;sub-14;sub-15;sub-16;sub-17;sub-19;sub-20;sub-21;sub-22;sub-23;sub-24;sub-25;sub-27;sub-28;sub-29;sub-30;sub-31;sub-33;sub-35;sub-37;sub-38;sub-39;sub-40;sub-41;sub-42;sub-43;sub-44;sub-45;sub-46;sub-50;sub-51;sub-56;sub-57;sub-58;sub-59;sub-60;sub-61;sub-62;sub-63;sub-64;sub-65;sub-66;sub-67;sub-68;sub-70;sub-71;sub-72,sub-01;sub-02;sub-07;sub-11;sub-13;sub-18;sub-26;sub-32;sub-34;sub-36;sub-47;sub-48;sub-49;sub-52;sub-53;sub-54;sub-55;sub-69
compat,54,18,432,Logistic Regression;SVM;KNN,0.9367370578276754,0.8804063084736701,0.7222222222222222,0.7692307692307693,0.6727272727272727,0.34782608695652173,0.15818408625144786,24,sub-03;sub-04;sub-05;sub-06;sub-08;sub-09;sub-10;sub-12;sub-14;sub-15;sub-16;sub-17;sub-19;sub-20;sub-21;sub-22;sub-23;sub-24;sub-25;sub-27;sub-28;sub-29;sub-30;sub-31;sub-33;sub-35;sub-37;sub-38;sub-39;sub-40;sub-41;sub-42;sub-43;sub-44;sub-45;sub-46;sub-50;sub-51;sub-56;sub-57;sub-58;sub-59;sub-60;sub-61;sub-62;sub-63;sub-64;sub-65;sub-66;sub-67;sub-68;sub-70;sub-71;sub-72,sub-01;sub-02;sub-07;sub-11;sub-13;sub-18;sub-26;sub-32;sub-34;sub-36;sub-47;sub-48;sub-49;sub-52;sub-53;sub-54;sub-55;sub-69
leak-safe,54,18,54,SVM;Neural Network;KNN,0.637878787878788,0.6412121212121212,0.7222222222222222,0.5846153846153848,0.6727272727272727,0.34782608695652173,-0.08101010101010098,25,sub-01;sub-03;sub-04;sub-05;sub-06;sub-07;sub-08;sub-09;sub-12;sub-13;sub-14;sub-15;sub-16;sub-18;sub-19;sub-20;sub-21;sub-24;sub-25;sub-26;sub-27;sub-28;sub-29;sub-30;sub-31;sub-32;sub-34;sub-35;sub-36;sub-38;sub-39;sub-40;sub-41;sub-42;sub-43;sub-44;sub-47;sub-50;sub-52;sub-53;sub-54;sub-55;sub-57;sub-58;sub-59;sub-61;sub-62;sub-63;sub-65;sub-66;sub-68;sub-69;sub-70;sub-71,sub-02;sub-10;sub-11;sub-17;sub-22;sub-23;sub-33;sub-37;sub-45;sub-46;sub-48;sub-49;sub-51;sub-56;sub-60;sub-64;sub-67;sub-72
compat,54,18,432,Random Forest;Neural Network;KNN,0.994996881404259,1.0,0.6111111111111112,0.49230769230769234,0.48148148148148145,-0.032786885245901676,0.38888888888888884,25,sub-01;sub-03;sub-04;sub-05;sub-06;sub-07;sub-08;sub-09;sub-12;sub-13;sub-14;sub-15;sub-16;sub-18;sub-19;sub-20;sub-21;sub-24;sub-25;sub-26;sub-27;sub-28;sub-29;sub-30;sub-31;sub-32;sub-34;sub-35;sub-36;sub-38;sub-39;sub-40;sub-41;sub-42;sub-43;sub-44;sub-47;sub-50;sub-52;sub-53;sub-54;sub-55;sub-57;sub-58;sub-59;sub-61;sub-62;sub-63;sub-65;sub-66;sub-68;sub-69;sub-70;sub-71,sub-02;sub-10;sub-11;sub-17;sub-22;sub-23;sub-33;sub-37;sub-45;sub-46;sub-48;sub-49;sub-51;sub-56;sub-60;sub-64;sub-67;sub-72
leak-safe,54,18,54,SVM;Logistic Regression;Neural Network,0.5800000000000001,0.6163636363636364,0.6666666666666666,0.7384615384615385,0.625,0.26027397260273966,-0.05030303030303018,26,sub-01;sub-02;sub-03;sub-04;sub-05;sub-06;sub-07;sub-08;sub-09;sub-10;sub-11;sub-12;sub-14;sub-15;sub-16;sub-21;sub-22;sub-23;sub-24;sub-25;sub-26;sub-27;sub-31;sub-32;sub-33;sub-34;sub-35;sub-37;sub-38;sub-39;sub-40;sub-41;sub-42;sub-43;sub-45;sub-47;sub-50;sub-51;sub-52;sub-54;sub-55;sub-56;sub-57;sub-59;sub-60;sub-61;sub-62;sub-63;sub-64;sub-66;sub-67;sub-69;sub-70;sub-71,sub-13;sub-17;sub-18;sub-19;sub-20;sub-28;sub-29;sub-30;sub-36;sub-44;sub-46;sub-48;sub-49;sub-53;sub-58;sub-65;sub-68;sub-72
compat,54,18,432,Random Forest;KNN;Decision Tree,0.9493896462621403,0.989940301167246,0.7777777777777778,0.6615384615384615,0.6785714285714286,0.368421052631579,0.21216252338946817,26,sub-01;sub-02;sub-03;sub-04;sub-05;sub-06;sub-07;sub-08;sub-09;sub-10;sub-11;sub-12;sub-14;sub-15;sub-16;sub-21;sub-22;sub-23;sub-24;sub-25;sub-26;sub-27;sub-31;sub-32;sub-33;sub-34;sub-35;sub-37;sub-38;sub-39;sub-40;sub-41;sub-42;sub-43;sub-45;sub-47;sub-50;sub-51;sub-52;sub-54;sub-55;sub-56;sub-57;sub-59;sub-60;sub-61;sub-62;sub-63;sub-64;sub-66;sub-67;sub-69;sub-70;sub-71,sub-13;sub-17;sub-18;sub-19;sub-20;sub-28;sub-29;sub-30;sub-36;sub-44;sub-46;sub-48;sub-49;sub-53;sub-58;sub-65;sub-68;sub-72
leak-safe,54,18,54,Logistic Regression;SVM;Neural Network,0.5851515151515151,0.6084848484848485,0.6666666666666666,0.7846153846153847,0.5178571428571428,0.052631578947368474,-0.05818181818181811,27,sub-01;sub-02;sub-05;sub-06;sub-07;sub-09;sub-10;sub-11;sub-12;sub-14;sub-15;sub-17;sub-18;sub-19;sub-20;sub-21;sub-22;sub-23;sub-24;sub-25;sub-26;sub-28;sub-29;sub-31;sub-32;sub-33;sub-37;sub-38;sub-39;sub-42;sub-43;sub-44;sub-45;sub-46;sub-47;sub-48;sub-49;sub-50;sub-52;sub-53;sub-54;sub-55;sub-56;sub-58;sub-59;sub-61;sub-62;sub-63;sub-64;sub-66;sub-67;sub-69;sub-70;sub-72,sub-03;sub-04;sub-08;sub-13;sub-16;sub-27;sub-30;sub-34;sub-35;sub-36;sub-40;sub-41;sub-51;sub-57;sub-60;sub-65;sub-68;sub-71
compat,54,18,432,Logistic Regression;SVM;KNN,0.9293816270159493,0.8672280139000268,0.6111111111111112,0.6461538461538462,0.48148148148148145,-0.032786885245901676,0.25611690278891563,27,sub-01;sub-02;sub-05;sub-06;sub-07;sub-09;sub-10;sub-11;sub-12;sub-14;sub-15;sub-17;sub-18;sub-19;sub-20;sub-21;sub-22;sub-23;sub-24;sub-25;sub-26;sub-28;sub-29;sub-31;sub-32;sub-33;sub-37;sub-38;sub-39;sub-42;sub-43;sub-44;sub-45;sub-46;sub-47;sub-48;sub-49;sub-50;sub-52;sub-53;sub-54;sub-55;sub-56;sub-58;sub-59;sub-61;sub-62;sub-63;sub-64;sub-66;sub-67;sub-69;sub-70;sub-72,sub-03;sub-04;sub-08;sub-13;sub-16;sub-27;sub-30;sub-34;sub-35;sub-36;sub-40;sub-41;sub-51;sub-57;sub-60;sub-65;sub-68;sub-71
leak-safe,54,18,54,Logistic Regression;Neural Network;SVM,0.6509090909090909,0.6666666666666666,0.7777777777777778,0.6153846153846154,0.6785714285714286,0.368421052631579,-0.11111111111111116,28,sub-01;sub-02;sub-03;sub-04;sub-06;sub-09;sub-10;sub-11;sub-12;sub-14;sub-15;sub-17;sub-18;sub-19;sub-20;sub-21;sub-22;sub-23;sub-24;sub-25;sub-26;sub-28;sub-30;sub-31;sub-32;sub-34;sub-36;sub-37;sub-39;sub-40;sub-42;sub-43;sub-44;sub-45;sub-47;sub-48;sub-49;sub-51;sub-54;sub-56;sub-58;sub-59;sub-60;sub-61;sub-62;sub-63;sub-65;sub-66;sub-67;sub-68;sub-69;sub-70;sub-71;sub-72,sub-05;sub-07;sub-08;sub-13;sub-16;sub-27;sub-29;sub-33;sub-35;sub-38;sub-41;sub-46;sub-50;sub-52;sub-53;sub-55;sub-57;sub-64
compat,54,18,432,Random Forest;Neural Network;Logistic Regression,0.9410273545397843,0.9976744186046512,0.8333333333333334,0.6615384615384615,0.7777777777777777,0.5573770491803278,0.16434108527131785,28,sub-01;sub-02;sub-03;sub-04;sub-06;sub-09;sub-10;sub-11;sub-12;sub-14;sub-15;sub-17;sub-18;sub-19;sub-20;sub-21;sub-22;sub-23;sub-24;sub-25;sub-26;sub-28;sub-30;sub-31;sub-32;sub-34;sub-36;sub-37;sub-39;sub-40;sub-42;sub-43;sub-44;sub-45;sub-47;sub-48;sub-49;sub-51;sub-54;sub-56;sub-58;sub-59;sub-60;sub-61;sub-62;sub-63;sub-65;sub-66;sub-67;sub-68;sub-69;sub-70;sub-71;sub-72,sub-05;sub-07;sub-08;sub-13;sub-16;sub-27;sub-29;sub-33;sub-35;sub-38;sub-41;sub-46;sub-50;sub-52;sub-53;sub-55;sub-57;sub-64
leak-safe,54,18,54,SVM;KNN;Logistic Regression,0.6442424242424242,0.6581818181818182,0.6111111111111112,0.6615384615384615,0.5785953177257526,0.18181818181818177,0.04707070707070704,29,sub-01;sub-02;sub-05;sub-06;sub-07;sub-08;sub-09;sub-10;sub-11;sub-14;sub-17;sub-18;sub-19;sub-20;sub-21;sub-22;sub-23;sub-24;sub-26;sub-28;sub-29;sub-30;sub-31;sub-34;sub-35;sub-36;sub-37;sub-38;sub-41;sub-42;sub-43;sub-44;sub-45;sub-47;sub-48;sub-49;sub-50;sub-51;sub-53;sub-55;sub-56;sub-57;sub-58;sub-59;sub-61;sub-62;sub-63;sub-65;sub-66;sub-67;sub-68;sub-69;sub-70;sub-72,sub-03;sub-04;sub-12;sub-13;sub-15;sub-16;sub-25;sub-27;sub-32;sub-33;sub-39;sub-40;sub-46;sub-52;sub-54;sub-60;sub-64;sub-71
compat,54,18,432,Neural Network;Random Forest;Logistic Regression,0.9521830170186224,0.9984674329501916,0.7222222222222222,0.6461538461538461,0.5566502463054187,0.15094339622641517,0.27624521072796937,29,sub-01;sub-02;sub-05;sub-06;sub-07;sub-08;sub-09;sub-10;sub-11;sub-14;sub-17;sub-18;sub-19;sub-20;sub-21;sub-22;sub-23;sub-24;sub-26;sub-28;sub-29;sub-30;sub-31;sub-34;sub-35;sub-36;sub-37;sub-38;sub-41;sub-42;sub-43;sub-44;sub-45;sub-47;sub-48;sub-49;sub-50;sub-51;sub-53;sub-55;sub-56;sub-57;sub-58;sub-59;sub-61;sub-62;sub-63;sub-65;sub-66;sub-67;sub-68;sub-69;sub-70;sub-72,sub-03;sub-04;sub-12;sub-13;sub-15;sub-16;sub-25;sub-27;sub-32;sub-33;sub-39;sub-40;sub-46;sub-52;sub-54;sub-60;sub-64;sub-71
leak-safe,54,18,54,Neural Network;KNN;SVM,0.5975757575757575,0.6042424242424241,0.5555555555555556,0.6153846153846154,0.5,0.013698630136986245,0.048686868686868556,30,sub-02;sub-03;sub-04;sub-05;sub-06;sub-08;sub-09;sub-10;sub-11;sub-15;sub-18;sub-19;sub-20;sub-21;sub-22;sub-23;sub-25;sub-26;sub-27;sub-29;sub-30;sub-31;sub-32;sub-33;sub-35;sub-36;sub-38;sub-40;sub-41;sub-42;sub-43;sub-44;sub-45;sub-47;sub-48;sub-49;sub-50;sub-51;sub-52;sub-53;sub-54;sub-55;sub-56;sub-58;sub-59;sub-60;sub-61;sub-62;sub-63;sub-66;sub-67;sub-68;sub-69;sub-71,sub-01;sub-07;sub-12;sub-13;sub-14;sub-16;sub-17;sub-24;sub-28;sub-34;sub-37;sub-39;sub-46;sub-57;sub-64;sub-65;sub-70;sub-72
compat,54,18,432,Logistic Regression;Random Forest;KNN,0.937792925242805,0.9915530606789629,0.6666666666666666,0.7384615384615385,0.5178571428571428,0.052631578947368474,0.32488639401229624,30,sub-02;sub-03;sub-04;sub-05;sub-06;sub-08;sub-09;sub-10;sub-11;sub-15;sub-18;sub-19;sub-20;sub-21;sub-22;sub-23;sub-25;sub-26;sub-27;sub-29;sub-30;sub-31;sub-32;sub-33;sub-35;sub-36;sub-38;sub-40;sub-41;sub-42;sub-43;sub-44;sub-45;sub-47;sub-48;sub-49;sub-50;sub-51;sub-52;sub-53;sub-54;sub-55;sub-56;sub-58;sub-59;sub-60;sub-61;sub-62;sub-63;sub-66;sub-67;sub-68;sub-69;sub-71,sub-01;sub-07;sub-12;sub-13;sub-14;sub-16;sub-17;sub-24;sub-28;sub-34;sub-37;sub-39;sub-46;sub-57;sub-64;sub-65;sub-70;sub-72
leak-safe,54,18,54,Random Forest;KNN;Logistic Regression,0.6003030303030302,0.6272727272727273,0.7222222222222222,0.8153846153846154,0.6989966555183946,0.4155844155844156,-0.0949494949494949,31,sub-01;sub-03;sub-04;sub-05;sub-06;sub-07;sub-08;sub-09;sub-10;sub-11;sub-12;sub-14;sub-15;sub-16;sub-17;sub-18;sub-20;sub-21;sub-22;sub-23;sub-24;sub-26;sub-27;sub-29;sub-30;sub-31;sub-33;sub-35;sub-37;sub-38;sub-39;sub-41;sub-42;sub-44;sub-45;sub-47;sub-50;sub-51;sub-52;sub-53;sub-55;sub-56;sub-57;sub-59;sub-60;sub-61;sub-63;sub-64;sub-65;sub-66;sub-67;sub-69;sub-71;sub-72,sub-02;sub-13;sub-19;sub-25;sub-28;sub-32;sub-34;sub-36;sub-40;sub-43;sub-46;sub-48;sub-49;sub-54;sub-58;sub-62;sub-68;sub-70
compat,54,18,432,Random Forest;Logistic Regression;SVM,0.9645237458789985,0.9390626392230242,0.5,0.5692307692307692,0.3333333333333333,-0.3278688524590163,0.43906263922302424,31,sub-01;sub-03;sub-04;sub-05;sub-06;sub-07;sub-08;sub-09;sub-10;sub-11;sub-12;sub-14;sub-15;sub-16;sub-17;sub-18;sub-20;sub-21;sub-22;sub-23;sub-24;sub-26;sub-27;sub-29;sub-30;sub-31;sub-33;sub-35;sub-37;sub-38;sub-39;sub-41;sub-42;sub-44;sub-45;sub-47;sub-50;sub-51;sub-52;sub-53;sub-55;sub-56;sub-57;sub-59;sub-60;sub-61;sub-63;sub-64;sub-65;sub-66;sub-67;sub-69;sub-71;sub-72,sub-02;sub-13;sub-19;sub-25;sub-28;sub-32;sub-34;sub-36;sub-40;sub-43;sub-46;sub-48;sub-49;sub-54;sub-58;sub-62;sub-68;sub-70
leak-safe,54,18,54,KNN;Decision Tree;Random Forest,0.6072727272727273,0.6442424242424243,0.5555555555555556,0.5538461538461539,0.4461538461538461,-0.10769230769230775,0.0886868686868687,32,sub-02;sub-03;sub-04;sub-05;sub-07;sub-08;sub-09;sub-10;sub-11;sub-13;sub-15;sub-16;sub-17;sub-18;sub-19;sub-20;sub-21;sub-22;sub-23;sub-24;sub-25;sub-26;sub-28;sub-29;sub-31;sub-32;sub-33;sub-34;sub-35;sub-36;sub-38;sub-40;sub-41;sub-42;sub-47;sub-48;sub-49;sub-50;sub-52;sub-53;sub-54;sub-56;sub-58;sub-60;sub-61;sub-62;sub-64;sub-65;sub-66;sub-67;sub-68;sub-69;sub-70;sub-72,sub-01;sub-06;sub-12;sub-14;sub-27;sub-30;sub-37;sub-39;sub-43;sub-44;sub-45;sub-46;sub-51;sub-55;sub-57;sub-59;sub-63;sub-71
compat,54,18,432,Logistic Regression;Random Forest;KNN,0.9930767174552259,0.9938340907065847,0.6111111111111112,0.6307692307692307,0.48148148148148145,-0.032786885245901676,0.3827229795954735,32,sub-02;sub-03;sub-04;sub-05;sub-07;sub-08;sub-09;sub-10;sub-11;sub-13;sub-15;sub-16;sub-17;sub-18;sub-19;sub-20;sub-21;sub-22;sub-23;sub-24;sub-25;sub-26;sub-28;sub-29;sub-31;sub-32;sub-33;sub-34;sub-35;sub-36;sub-38;sub-40;sub-41;sub-42;sub-47;sub-48;sub-49;sub-50;sub-52;sub-53;sub-54;sub-56;sub-58;sub-60;sub-61;sub-62;sub-64;sub-65;sub-66;sub-67;sub-68;sub-69;sub-70;sub-72,sub-01;sub-06;sub-12;sub-14;sub-27;sub-30;sub-37;sub-39;sub-43;sub-44;sub-45;sub-46;sub-51;sub-55;sub-57;sub-59;sub-63;sub-71
leak-safe,54,18,54,Logistic Regression;Random Forest;KNN,0.6687878787878788,0.7151515151515152,0.4444444444444444,0.4461538461538461,0.41558441558441556,-0.11111111111111116,0.2707070707070708,33,sub-01;sub-02;sub-03;sub-05;sub-06;sub-07;sub-09;sub-12;sub-13;sub-14;sub-15;sub-16;sub-18;sub-19;sub-22;sub-23;sub-26;sub-27;sub-28;sub-29;sub-30;sub-31;sub-32;sub-33;sub-34;sub-35;sub-37;sub-38;sub-39;sub-40;sub-43;sub-44;sub-45;sub-46;sub-48;sub-49;sub-50;sub-51;sub-52;sub-53;sub-56;sub-57;sub-58;sub-60;sub-62;sub-63;sub-64;sub-65;sub-66;sub-67;sub-68;sub-69;sub-70;sub-71,sub-04;sub-08;sub-10;sub-11;sub-17;sub-20;sub-21;sub-24;sub-25;sub-36;sub-41;sub-42;sub-47;sub-54;sub-55;sub-59;sub-61;sub-72
compat,54,18,432,Decision Tree;Random Forest;KNN,0.9826205114497015,0.994600374231489,0.6666666666666666,0.523076923076923,0.5178571428571428,0.052631578947368474,0.3279337075648223,33,sub-01;sub-02;sub-03;sub-05;sub-06;sub-07;sub-09;sub-12;sub-13;sub-14;sub-15;sub-16;sub-18;sub-19;sub-22;sub-23;sub-26;sub-27;sub-28;sub-29;sub-30;sub-31;sub-32;sub-33;sub-34;sub-35;sub-37;sub-38;sub-39;sub-40;sub-43;sub-44;sub-45;sub-46;sub-48;sub-49;sub-50;sub-51;sub-52;sub-53;sub-56;sub-57;sub-58;sub-60;sub-62;sub-63;sub-64;sub-65;sub-66;sub-67;sub-68;sub-69;sub-70;sub-71,sub-04;sub-08;sub-10;sub-11;sub-17;sub-20;sub-21;sub-24;sub-25;sub-36;sub-41;sub-42;sub-47;sub-54;sub-55;sub-59;sub-61;sub-72
leak-safe,54,18,54,SVM;Logistic Regression;Neural Network,0.6206060606060605,0.6436363636363636,0.7777777777777778,0.7076923076923076,0.7230769230769231,0.4461538461538461,-0.13414141414141423,34,sub-01;sub-02;sub-04;sub-05;sub-06;sub-07;sub-08;sub-10;sub-11;sub-12;sub-13;sub-15;sub-16;sub-17;sub-18;sub-19;sub-23;sub-24;sub-25;sub-26;sub-27;sub-28;sub-29;sub-30;sub-31;sub-32;sub-33;sub-34;sub-35;sub-36;sub-39;sub-40;sub-42;sub-44;sub-45;sub-48;sub-49;sub-51;sub-52;sub-54;sub-57;sub-58;sub-59;sub-60;sub-63;sub-64;sub-65;sub-66;sub-67;sub-68;sub-69;sub-70;sub-71;sub-72,sub-03;sub-09;sub-14;sub-20;sub-21;sub-22;sub-37;sub-38;sub-41;sub-43;sub-46;sub-47;sub-50;sub-53;sub-55;sub-56;sub-61;sub-62
compat,54,18,432,KNN;Random Forest;Neural Network,0.9312795152811191,1.0,0.8333333333333334,0.8923076923076922,0.8036363636363637,0.6086956521739131,0.16666666666666663,34,sub-01;sub-02;sub-04;sub-05;sub-06;sub-07;sub-08;sub-10;sub-11;sub-12;sub-13;sub-15;sub-16;sub-17;sub-18;sub-19;sub-23;sub-24;sub-25;sub-26;sub-27;sub-28;sub-29;sub-30;sub-31;sub-32;sub-33;sub-34;sub-35;sub-36;sub-39;sub-40;sub-42;sub-44;sub-45;sub-48;sub-49;sub-51;sub-52;sub-54;sub-57;sub-58;sub-59;sub-60;sub-63;sub-64;sub-65;sub-66;sub-67;sub-68;sub-69;sub-70;sub-71;sub-72,sub-03;sub-09;sub-14;sub-20;sub-21;sub-22;sub-37;sub-38;sub-41;sub-43;sub-46;sub-47;sub-50;sub-53;sub-55;sub-56;sub-61;sub-62
leak-safe,54,18,54,KNN;SVM;Logistic Regression,0.6530303030303031,0.6563636363636364,0.5555555555555556,0.7076923076923076,0.55,0.1910112359550562,0.10080808080808079,35,sub-01;sub-02;sub-03;sub-05;sub-08;sub-09;sub-11;sub-12;sub-13;sub-14;sub-15;sub-16;sub-18;sub-19;sub-21;sub-23;sub-24;sub-26;sub-27;sub-28;sub-29;sub-30;sub-32;sub-33;sub-34;sub-35;sub-36;sub-37;sub-38;sub-39;sub-41;sub-42;sub-43;sub-44;sub-45;sub-46;sub-49;sub-50;sub-52;sub-54;sub-55;sub-56;sub-57;sub-58;sub-59;sub-60;sub-62;sub-63;sub-65;sub-66;sub-68;sub-69;sub-71;sub-72,sub-04;sub-06;sub-07;sub-10;sub-17;sub-20;sub-22;sub-25;sub-31;sub-40;sub-47;sub-48;sub-51;sub-53;sub-61;sub-64;sub-67;sub-70
compat,54,18,432,Logistic Regression;KNN;Random Forest,0.9464314354450681,0.9938519112536754,0.7222222222222222,0.5692307692307692,0.5566502463054187,0.15094339622641517,0.27162968903145324,35,sub-01;sub-02;sub-03;sub-05;sub-08;sub-09;sub-11;sub-12;sub-13;sub-14;sub-15;sub-16;sub-18;sub-19;sub-21;sub-23;sub-24;sub-26;sub-27;sub-28;sub-29;sub-30;sub-32;sub-33;sub-34;sub-35;sub-36;sub-37;sub-38;sub-39;sub-41;sub-42;sub-43;sub-44;sub-45;sub-46;sub-49;sub-50;sub-52;sub-54;sub-55;sub-56;sub-57;sub-58;sub-59;sub-60;sub-62;sub-63;sub-65;sub-66;sub-68;sub-69;sub-71;sub-72,sub-04;sub-06;sub-07;sub-10;sub-17;sub-20;sub-22;sub-25;sub-31;sub-40;sub-47;sub-48;sub-51;sub-53;sub-61;sub-64;sub-67;sub-70
leak-safe,54,18,54,SVM;Neural Network;KNN,0.5736363636363636,0.5927272727272727,0.6666666666666666,0.6461538461538461,0.625,0.26027397260273966,-0.07393939393939397,36,sub-02;sub-03;sub-05;sub-06;sub-07;sub-08;sub-09;sub-10;sub-11;sub-12;sub-13;sub-15;sub-16;sub-17;sub-18;sub-19;sub-21;sub-24;sub-27;sub-28;sub-29;sub-30;sub-33;sub-34;sub-35;sub-36;sub-37;sub-39;sub-40;sub-41;sub-42;sub-43;sub-44;sub-45;sub-47;sub-48;sub-49;sub-51;sub-52;sub-55;sub-56;sub-58;sub-59;sub-61;sub-62;sub-63;sub-65;sub-66;sub-67;sub-68;sub-69;sub-70;sub-71;sub-72,sub-01;sub-04;sub-14;sub-20;sub-22;sub-23;sub-25;sub-26;sub-31;sub-32;sub-38;sub-46;sub-50;sub-53;sub-54;sub-57;sub-60;sub-64
compat,54,18,432,Logistic Regression;Random Forest;Neural Network,0.9324913124832932,1.0,0.7777777777777778,0.676923076923077,0.6785714285714286,0.368421052631579,0.2222222222222222,36,sub-02;sub-03;sub-05;sub-06;sub-07;sub-08;sub-09;sub-10;sub-11;sub-12;sub-13;sub-15;sub-16;sub-17;sub-18;sub-19;sub-21;sub-24;sub-27;sub-28;sub-29;sub-30;sub-33;sub-34;sub-35;sub-36;sub-37;sub-39;sub-40;sub-41;sub-42;sub-43;sub-44;sub-45;sub-47;sub-48;sub-49;sub-51;sub-52;sub-55;sub-56;sub-58;sub-59;sub-61;sub-62;sub-63;sub-65;sub-66;sub-67;sub-68;sub-69;sub-70;sub-71;sub-72,sub-01;sub-04;sub-14;sub-20;sub-22;sub-23;sub-25;sub-26;sub-31;sub-32;sub-38;sub-46;sub-50;sub-53;sub-54;sub-57;sub-60;sub-64
leak-safe,54,18,54,Logistic Regression;SVM;Random Forest,0.6866666666666666,0.7357575757575757,0.6111111111111112,0.4153846153846154,0.48148148148148145,-0.032786885245901676,0.12464646464646456,37,sub-01;sub-02;sub-05;sub-06;sub-07;sub-09;sub-10;sub-12;sub-13;sub-14;sub-15;sub-16;sub-17;sub-18;sub-19;sub-21;sub-22;sub-23;sub-24;sub-28;sub-30;sub-31;sub-33;sub-34;sub-37;sub-38;sub-39;sub-40;sub-41;sub-42;sub-43;sub-44;sub-45;sub-46;sub-48;sub-49;sub-50;sub-51;sub-52;sub-53;sub-54;sub-56;sub-57;sub-58;sub-59;sub-60;sub-61;sub-62;sub-65;sub-66;sub-68;sub-70;sub-71;sub-72,sub-03;sub-04;sub-08;sub-11;sub-20;sub-25;sub-26;sub-27;sub-29;sub-32;sub-35;sub-36;sub-47;sub-55;sub-63;sub-64;sub-67;sub-69
compat,54,18,432,Random Forest;Logistic Regression;SVM,0.9355876325403191,0.8773411743740533,0.6111111111111112,0.38461538461538464,0.48148148148148145,-0.032786885245901676,0.2662300632629422,37,sub-01;sub-02;sub-05;sub-06;sub-07;sub-09;sub-10;sub-12;sub-13;sub-14;sub-15;sub-16;sub-17;sub-18;sub-19;sub-21;sub-22;sub-23;sub-24;sub-28;sub-30;sub-31;sub-33;sub-34;sub-37;sub-38;sub-39;sub-40;sub-41;sub-42;sub-43;sub-44;sub-45;sub-46;sub-48;sub-49;sub-50;sub-51;sub-52;sub-53;sub-54;sub-56;sub-57;sub-58;sub-59;sub-60;sub-61;sub-62;sub-65;sub-66;sub-68;sub-70;sub-71;sub-72,sub-03;sub-04;sub-08;sub-11;sub-20;sub-25;sub-26;sub-27;sub-29;sub-32;sub-35;sub-36;sub-47;sub-55;sub-63;sub-64;sub-67;sub-69
leak-safe,54,18,54,SVM;KNN;Logistic Regression,0.6293939393939393,0.6242424242424242,0.5555555555555556,0.7384615384615385,0.5324675324675324,0.11111111111111116,0.06868686868686857,38,sub-01;sub-02;sub-03;sub-05;sub-06;sub-07;sub-08;sub-09;sub-10;sub-11;sub-12;sub-14;sub-17;sub-18;sub-19;sub-20;sub-21;sub-22;sub-23;sub-24;sub-25;sub-26;sub-27;sub-29;sub-33;sub-34;sub-35;sub-36;sub-38;sub-39;sub-40;sub-41;sub-42;sub-43;sub-45;sub-48;sub-49;sub-51;sub-52;sub-55;sub-57;sub-58;sub-59;sub-60;sub-61;sub-62;sub-64;sub-65;sub-66;sub-67;sub-68;sub-69;sub-70;sub-71,sub-04;sub-13;sub-15;sub-16;sub-28;sub-30;sub-31;sub-32;sub-37;sub-44;sub-46;sub-47;sub-50;sub-53;sub-54;sub-56;sub-63;sub-72
compat,54,18,432,Random Forest;Logistic Regression;SVM,0.9911520983694199,0.9861623451839971,0.7222222222222222,0.7692307692307692,0.6727272727272727,0.34782608695652173,0.26394012296177494,38,sub-01;sub-02;sub-03;sub-05;sub-06;sub-07;sub-08;sub-09;sub-10;sub-11;sub-12;sub-14;sub-17;sub-18;sub-19;sub-20;sub-21;sub-22;sub-23;sub-24;sub-25;sub-26;sub-27;sub-29;sub-33;sub-34;sub-35;sub-36;sub-38;sub-39;sub-40;sub-41;sub-42;sub-43;sub-45;sub-48;sub-49;sub-51;sub-52;sub-55;sub-57;sub-58;sub-59;sub-60;sub-61;sub-62;sub-64;sub-65;sub-66;sub-67;sub-68;sub-69;sub-70;sub-71,sub-04;sub-13;sub-15;sub-16;sub-28;sub-30;sub-31;sub-32;sub-37;sub-44;sub-46;sub-47;sub-50;sub-53;sub-54;sub-56;sub-63;sub-72
leak-safe,54,18,54,KNN;SVM;Logistic Regression,0.6475757575757576,0.6751515151515152,0.5,0.6153846153846154,0.4857142857142857,0.04705882352941182,0.17515151515151517,39,sub-01;sub-02;sub-03;sub-04;sub-05;sub-08;sub-11;sub-12;sub-13;sub-15;sub-16;sub-17;sub-18;sub-19;sub-20;sub-21;sub-22;sub-23;sub-25;sub-26;sub-27;sub-28;sub-29;sub-30;sub-32;sub-33;sub-34;sub-35;sub-36;sub-37;sub-38;sub-39;sub-40;sub-41;sub-42;sub-49;sub-50;sub-51;sub-53;sub-54;sub-55;sub-56;sub-57;sub-59;sub-60;sub-62;sub-63;sub-64;sub-65;sub-66;sub-67;sub-68;sub-69;sub-70,sub-06;sub-07;sub-09;sub-10;sub-14;sub-24;sub-31;sub-43;sub-44;sub-45;sub-46;sub-47;sub-48;sub-52;sub-58;sub-61;sub-71;sub-72
compat,54,18,432,Random Forest;Logistic Regression;SVM,0.9294039026998129,0.8657399982179452,0.6111111111111112,0.6153846153846154,0.48148148148148145,-0.032786885245901676,0.25462888710683407,39,sub-01;sub-02;sub-03;sub-04;sub-05;sub-08;sub-11;sub-12;sub-13;sub-15;sub-16;sub-17;sub-18;sub-19;sub-20;sub-21;sub-22;sub-23;sub-25;sub-26;sub-27;sub-28;sub-29;sub-30;sub-32;sub-33;sub-34;sub-35;sub-36;sub-37;sub-38;sub-39;sub-40;sub-41;sub-42;sub-49;sub-50;sub-51;sub-53;sub-54;sub-55;sub-56;sub-57;sub-59;sub-60;sub-62;sub-63;sub-64;sub-65;sub-66;sub-67;sub-68;sub-69;sub-70,sub-06;sub-07;sub-09;sub-10;sub-14;sub-24;sub-31;sub-43;sub-44;sub-45;sub-46;sub-47;sub-48;sub-52;sub-58;sub-61;sub-71;sub-72
leak-safe,54,18,54,Logistic Regression;Neural Network;Random Forest,0.6457575757575758,0.7418181818181818,0.7222222222222222,0.6923076923076923,0.6296296296296295,0.2622950819672131,0.01959595959595961,40,sub-01;sub-02;sub-03;sub-05;sub-06;sub-07;sub-09;sub-10;sub-12;sub-13;sub-16;sub-17;sub-18;sub-19;sub-21;sub-22;sub-24;sub-25;sub-26;sub-27;sub-30;sub-31;sub-32;sub-33;sub-34;sub-35;sub-37;sub-39;sub-40;sub-42;sub-43;sub-44;sub-45;sub-46;sub-47;sub-48;sub-49;sub-51;sub-52;sub-54;sub-55;sub-56;sub-60;sub-61;sub-62;sub-63;sub-65;sub-66;sub-67;sub-68;sub-69;sub-70;sub-71;sub-72,sub-04;sub-08;sub-11;sub-14;sub-15;sub-20;sub-23;sub-28;sub-29;sub-36;sub-38;sub-41;sub-50;sub-53;sub-57;sub-58;sub-59;sub-64
compat,54,18,432,KNN;Neural Network;Logistic Regression,0.9807404437316226,0.9953755680299384,0.7222222222222222,0.7076923076923076,0.6296296296296295,0.2622950819672131,0.2731533458077162,40,sub-01;sub-02;sub-03;sub-05;sub-06;sub-07;sub-09;sub-10;sub-12;sub-13;sub-16;sub-17;sub-18;sub-19;sub-21;sub-22;sub-24;sub-25;sub-26;sub-27;sub-30;sub-31;sub-32;sub-33;sub-34;sub-35;sub-37;sub-39;sub-40;sub-42;sub-43;sub-44;sub-45;sub-46;sub-47;sub-48;sub-49;sub-51;sub-52;sub-54;sub-55;sub-56;sub-60;sub-61;sub-62;sub-63;sub-65;sub-66;sub-67;sub-68;sub-69;sub-70;sub-71;sub-72,sub-04;sub-08;sub-11;sub-14;sub-15;sub-20;sub-23;sub-28;sub-29;sub-36;sub-38;sub-41;sub-50;sub-53;sub-57;sub-58;sub-59;sub-64
leak-safe,54,18,54,KNN;Random Forest;SVM,0.6454545454545454,0.6642424242424242,0.5,0.6,0.4857142857142857,0.04705882352941182,0.1642424242424242,41,sub-01;sub-02;sub-03;sub-04;sub-06;sub-07;sub-08;sub-09;sub-10;sub-11;sub-13;sub-15;sub-16;sub-17;sub-19;sub-21;sub-22;sub-23;sub-24;sub-26;sub-27;sub-28;sub-30;sub-31;sub-33;sub-34;sub-36;sub-37;sub-38;sub-39;sub-40;sub-41;sub-42;sub-43;sub-44;sub-45;sub-49;sub-50;sub-53;sub-56;sub-57;sub-58;sub-59;sub-60;sub-61;sub-62;sub-63;sub-65;sub-66;sub-67;sub-69;sub-70;sub-71;sub-72,sub-05;sub-12;sub-14;sub-18;sub-20;sub-25;sub-29;sub-32;sub-35;sub-46;sub-47;sub-48;sub-51;sub-52;sub-54;sub-55;sub-64;sub-68
compat,54,18,432,Logistic Regression;Neural Network;Random Forest,0.9421099527755503,0.9992337164750958,0.7222222222222222,0.6307692307692307,0.5566502463054187,0.15094339622641517,0.27701149425287364,41,sub-01;sub-02;sub-03;sub-04;sub-06;sub-07;sub-08;sub-09;sub-10;sub-11;sub-13;sub-15;sub-16;sub-17;sub-19;sub-21;sub-22;sub-23;sub-24;sub-26;sub-27;sub-28;sub-30;sub-31;sub-33;sub-34;sub-36;sub-37;sub-38;sub-39;sub-40;sub-41;sub-42;sub-43;sub-44;sub-45;sub-49;sub-50;sub-53;sub-56;sub-57;sub-58;sub-59;sub-60;sub-61;sub-62;sub-63;sub-65;sub-66;sub-67;sub-69;sub-70;sub-71;sub-72,sub-05;sub-12;sub-14;sub-18;sub-20;sub-25;sub-29;sub-32;sub-35;sub-46;sub-47;sub-48;sub-51;sub-52;sub-54;sub-55;sub-64;sub-68
leak-safe,54,18,54,Random Forest;Decision Tree;Neural Network,0.6321212121212122,0.6666666666666666,0.6666666666666666,0.7692307692307692,0.5178571428571428,0.052631578947368474,0.0,42,sub-01;sub-04;sub-05;sub-06;sub-07;sub-08;sub-09;sub-10;sub-11;sub-13;sub-14;sub-17;sub-18;sub-19;sub-20;sub-23;sub-24;sub-26;sub-29;sub-30;sub-31;sub-32;sub-34;sub-35;sub-36;sub-37;sub-38;sub-39;sub-40;sub-41;sub-43;sub-45;sub-46;sub-47;sub-48;sub-49;sub-50;sub-51;sub-52;sub-53;sub-54;sub-55;sub-56;sub-57;sub-60;sub-61;sub-63;sub-64;sub-65;sub-67;sub-68;sub-69;sub-70;sub-72,sub-02;sub-03;sub-12;sub-15;sub-16;sub-21;sub-22;sub-25;sub-27;sub-28;sub-33;sub-42;sub-44;sub-58;sub-59;sub-62;sub-66;sub-71
compat,54,18,432,Logistic Regression;Random Forest;Neural Network,0.9695580504321483,0.9876681814131695,0.7222222222222222,0.676923076923077,0.5566502463054187,0.15094339622641517,0.26544595919094727,42,sub-01;sub-04;sub-05;sub-06;sub-07;sub-08;sub-09;sub-10;sub-11;sub-13;sub-14;sub-17;sub-18;sub-19;sub-20;sub-23;sub-24;sub-26;sub-29;sub-30;sub-31;sub-32;sub-34;sub-35;sub-36;sub-37;sub-38;sub-39;sub-40;sub-41;sub-43;sub-45;sub-46;sub-47;sub-48;sub-49;sub-50;sub-51;sub-52;sub-53;sub-54;sub-55;sub-56;sub-57;sub-60;sub-61;sub-63;sub-64;sub-65;sub-67;sub-68;sub-69;sub-70;sub-72,sub-02;sub-03;sub-12;sub-15;sub-16;sub-21;sub-22;sub-25;sub-27;sub-28;sub-33;sub-42;sub-44;sub-58;sub-59;sub-62;sub-66;sub-71
leak-safe,54,18,54,SVM;Neural Network;Random Forest,0.6651515151515152,0.7200000000000001,0.5555555555555556,0.5076923076923077,0.5,0.013698630136986245,0.1644444444444445,43,sub-01;sub-02;sub-03;sub-04;sub-06;sub-07;sub-09;sub-12;sub-14;sub-15;sub-16;sub-17;sub-18;sub-19;sub-20;sub-22;sub-23;sub-24;sub-26;sub-27;sub-28;sub-30;sub-31;sub-32;sub-34;sub-36;sub-38;sub-39;sub-40;sub-41;sub-42;sub-43;sub-44;sub-46;sub-47;sub-48;sub-50;sub-51;sub-53;sub-55;sub-57;sub-58;sub-59;sub-60;sub-61;sub-62;sub-63;sub-64;sub-65;sub-66;sub-67;sub-70;sub-71;sub-72,sub-05;sub-08;sub-10;sub-11;sub-13;sub-21;sub-25;sub-29;sub-33;sub-35;sub-37;sub-45;sub-49;sub-52;sub-54;sub-56;sub-68;sub-69
compat,54,18,432,Random Forest;Logistic Regression;KNN,0.9853292346075024,1.0,0.5,0.523076923076923,0.3333333333333333,-0.3278688524590163,0.5,43,sub-01;sub-02;sub-03;sub-04;sub-06;sub-07;sub-09;sub-12;sub-14;sub-15;sub-16;sub-17;sub-18;sub-19;sub-20;sub-22;sub-23;sub-24;sub-26;sub-27;sub-28;sub-30;sub-31;sub-32;sub-34;sub-36;sub-38;sub-39;sub-40;sub-41;sub-42;sub-43;sub-44;sub-46;sub-47;sub-48;sub-50;sub-51;sub-53;sub-55;sub-57;sub-58;sub-59;sub-60;sub-61;sub-62;sub-63;sub-64;sub-65;sub-66;sub-67;sub-70;sub-71;sub-72,sub-05;sub-08;sub-10;sub-11;sub-13;sub-21;sub-25;sub-29;sub-33;sub-35;sub-37;sub-45;sub-49;sub-52;sub-54;sub-56;sub-68;sub-69
leak-safe,54,18,54,Logistic Regression;Neural Network;KNN,0.6409090909090909,0.6781818181818181,0.5555555555555556,0.7230769230769232,0.4461538461538461,-0.10769230769230775,0.12262626262626253,44,sub-01;sub-03;sub-04;sub-05;sub-06;sub-07;sub-08;sub-09;sub-10;sub-12;sub-13;sub-14;sub-16;sub-17;sub-18;sub-21;sub-23;sub-24;sub-25;sub-26;sub-27;sub-28;sub-29;sub-31;sub-34;sub-35;sub-36;sub-38;sub-39;sub-41;sub-42;sub-43;sub-44;sub-45;sub-46;sub-48;sub-49;sub-50;sub-52;sub-53;sub-54;sub-56;sub-57;sub-58;sub-59;sub-60;sub-61;sub-62;sub-63;sub-64;sub-66;sub-67;sub-68;sub-70,sub-02;sub-11;sub-15;sub-19;sub-20;sub-22;sub-30;sub-32;sub-33;sub-37;sub-40;sub-47;sub-51;sub-55;sub-65;sub-69;sub-71;sub-72
compat,54,18,432,Random Forest;Logistic Regression;SVM,0.9601621669785262,0.9234161988773056,0.6666666666666666,0.6923076923076923,0.5846153846153846,0.1692307692307693,0.256749532210639,44,sub-01;sub-03;sub-04;sub-05;sub-06;sub-07;sub-08;sub-09;sub-10;sub-12;sub-13;sub-14;sub-16;sub-17;sub-18;sub-21;sub-23;sub-24;sub-25;sub-26;sub-27;sub-28;sub-29;sub-31;sub-34;sub-35;sub-36;sub-38;sub-39;sub-41;sub-42;sub-43;sub-44;sub-45;sub-46;sub-48;sub-49;sub-50;sub-52;sub-53;sub-54;sub-56;sub-57;sub-58;sub-59;sub-60;sub-61;sub-62;sub-63;sub-64;sub-66;sub-67;sub-68;sub-70,sub-02;sub-11;sub-15;sub-19;sub-20;sub-22;sub-30;sub-32;sub-33;sub-37;sub-40;sub-47;sub-51;sub-55;sub-65;sub-69;sub-71;sub-72
leak-safe,54,18,54,Decision Tree;KNN;SVM,0.713939393939394,0.7145454545454545,0.6111111111111112,0.476923076923077,0.5418181818181818,0.08695652173913038,0.10343434343434332,45,sub-01;sub-02;sub-03;sub-04;sub-06;sub-07;sub-08;sub-09;sub-10;sub-11;sub-12;sub-14;sub-17;sub-19;sub-20;sub-21;sub-22;sub-24;sub-25;sub-26;sub-27;sub-28;sub-29;sub-30;sub-33;sub-34;sub-35;sub-36;sub-38;sub-40;sub-41;sub-42;sub-45;sub-46;sub-48;sub-49;sub-50;sub-51;sub-53;sub-54;sub-57;sub-58;sub-59;sub-60;sub-61;sub-62;sub-64;sub-65;sub-66;sub-67;sub-68;sub-69;sub-70;sub-72,sub-05;sub-13;sub-15;sub-16;sub-18;sub-23;sub-31;sub-32;sub-37;sub-39;sub-43;sub-44;sub-47;sub-52;sub-55;sub-56;sub-63;sub-71
compat,54,18,432,SVM;Logistic Regression;Random Forest,0.9965249933172949,0.9976744186046512,0.6111111111111112,0.5076923076923077,0.48148148148148145,-0.032786885245901676,0.38656330749354006,45,sub-01;sub-02;sub-03;sub-04;sub-06;sub-07;sub-08;sub-09;sub-10;sub-11;sub-12;sub-14;sub-17;sub-19;sub-20;sub-21;sub-22;sub-24;sub-25;sub-26;sub-27;sub-28;sub-29;sub-30;sub-33;sub-34;sub-35;sub-36;sub-38;sub-40;sub-41;sub-42;sub-45;sub-46;sub-48;sub-49;sub-50;sub-51;sub-53;sub-54;sub-57;sub-58;sub-59;sub-60;sub-61;sub-62;sub-64;sub-65;sub-66;sub-67;sub-68;sub-69;sub-70;sub-72,sub-05;sub-13;sub-15;sub-16;sub-18;sub-23;sub-31;sub-32;sub-37;sub-39;sub-43;sub-44;sub-47;sub-52;sub-55;sub-56;sub-63;sub-71
leak-safe,54,18,54,SVM;Neural Network;Logistic Regression,0.6072727272727273,0.6539393939393939,0.7222222222222222,0.676923076923077,0.5566502463054187,0.15094339622641517,-0.06828282828282828,46,sub-01;sub-04;sub-05;sub-06;sub-07;sub-08;sub-10;sub-11;sub-12;sub-14;sub-15;sub-16;sub-18;sub-19;sub-20;sub-21;sub-22;sub-23;sub-25;sub-26;sub-27;sub-28;sub-30;sub-31;sub-32;sub-33;sub-34;sub-35;sub-36;sub-37;sub-38;sub-39;sub-40;sub-43;sub-46;sub-47;sub-48;sub-51;sub-52;sub-53;sub-54;sub-55;sub-56;sub-58;sub-59;sub-61;sub-62;sub-64;sub-65;sub-66;sub-67;sub-69;sub-71;sub-72,sub-02;sub-03;sub-09;sub-13;sub-17;sub-24;sub-29;sub-41;sub-42;sub-44;sub-45;sub-49;sub-50;sub-57;sub-60;sub-63;sub-68;sub-70
compat,54,18,432,KNN;Random Forest;Logistic Regression,0.9922837031096856,0.9930588969081352,0.7222222222222222,0.6153846153846154,0.41935483870967744,0.0,0.270836674685913,46,sub-01;sub-04;sub-05;sub-06;sub-07;sub-08;sub-10;sub-11;sub-12;sub-14;sub-15;sub-16;sub-18;sub-19;sub-20;sub-21;sub-22;sub-23;sub-25;sub-26;sub-27;sub-28;sub-30;sub-31;sub-32;sub-33;sub-34;sub-35;sub-36;sub-37;sub-38;sub-39;sub-40;sub-43;sub-46;sub-47;sub-48;sub-51;sub-52;sub-53;sub-54;sub-55;sub-56;sub-58;sub-59;sub-61;sub-62;sub-64;sub-65;sub-66;sub-67;sub-69;sub-71;sub-72,sub-02;sub-03;sub-09;sub-13;sub-17;sub-24;sub-29;sub-41;sub-42;sub-44;sub-45;sub-49;sub-50;sub-57;sub-60;sub-63;sub-68;sub-70
leak-safe,54,18,54,Logistic Regression;KNN;Random Forest,0.6696969696969698,0.7218181818181818,0.6666666666666666,0.5692307692307692,0.6493506493506493,0.33333333333333337,0.055151515151515174,47,sub-04;sub-06;sub-07;sub-08;sub-11;sub-12;sub-13;sub-14;sub-15;sub-16;sub-17;sub-19;sub-20;sub-21;sub-22;sub-23;sub-24;sub-25;sub-26;sub-27;sub-28;sub-30;sub-31;sub-33;sub-34;sub-37;sub-38;sub-39;sub-40;sub-41;sub-43;sub-44;sub-45;sub-46;sub-47;sub-48;sub-49;sub-51;sub-52;sub-53;sub-54;sub-55;sub-56;sub-57;sub-61;sub-62;sub-63;sub-64;sub-65;sub-66;sub-67;sub-68;sub-70;sub-71,sub-01;sub-02;sub-03;sub-05;sub-09;sub-10;sub-18;sub-29;sub-32;sub-35;sub-36;sub-42;sub-50;sub-58;sub-59;sub-60;sub-69;sub-72
compat,54,18,432,Neural Network;Logistic Regression;SVM,0.9440657578187651,0.8973892898511985,0.6666666666666666,0.7076923076923076,0.5846153846153846,0.1692307692307693,0.23072262318453185,47,sub-04;sub-06;sub-07;sub-08;sub-11;sub-12;sub-13;sub-14;sub-15;sub-16;sub-17;sub-19;sub-20;sub-21;sub-22;sub-23;sub-24;sub-25;sub-26;sub-27;sub-28;sub-30;sub-31;sub-33;sub-34;sub-37;sub-38;sub-39;sub-40;sub-41;sub-43;sub-44;sub-45;sub-46;sub-47;sub-48;sub-49;sub-51;sub-52;sub-53;sub-54;sub-55;sub-56;sub-57;sub-61;sub-62;sub-63;sub-64;sub-65;sub-66;sub-67;sub-68;sub-70;sub-71,sub-01;sub-02;sub-03;sub-05;sub-09;sub-10;sub-18;sub-29;sub-32;sub-35;sub-36;sub-42;sub-50;sub-58;sub-59;sub-60;sub-69;sub-72
leak-safe,54,18,54,Neural Network;KNN;Random Forest,0.6406060606060605,0.6812121212121212,0.7777777777777778,0.7846153846153846,0.6,0.26530612244897966,-0.09656565656565663,48,sub-01;sub-02;sub-03;sub-04;sub-05;sub-06;sub-08;sub-09;sub-10;sub-11;sub-12;sub-13;sub-14;sub-15;sub-16;sub-18;sub-20;sub-21;sub-23;sub-24;sub-25;sub-27;sub-30;sub-31;sub-32;sub-33;sub-34;sub-36;sub-37;sub-38;sub-39;sub-40;sub-41;sub-42;sub-44;sub-47;sub-49;sub-50;sub-53;sub-54;sub-55;sub-57;sub-58;sub-59;sub-60;sub-61;sub-62;sub-63;sub-64;sub-65;sub-66;sub-67;sub-70;sub-72,sub-07;sub-17;sub-19;sub-22;sub-26;sub-28;sub-29;sub-35;sub-43;sub-45;sub-46;sub-48;sub-51;sub-52;sub-56;sub-68;sub-69;sub-71
compat,54,18,432,Logistic Regression;Neural Network;KNN,0.97956428762363,1.0,0.7777777777777778,0.6923076923076923,0.6,0.26530612244897966,0.2222222222222222,48,sub-01;sub-02;sub-03;sub-04;sub-05;sub-06;sub-08;sub-09;sub-10;sub-11;sub-12;sub-13;sub-14;sub-15;sub-16;sub-18;sub-20;sub-21;sub-23;sub-24;sub-25;sub-27;sub-30;sub-31;sub-32;sub-33;sub-34;sub-36;sub-37;sub-38;sub-39;sub-40;sub-41;sub-42;sub-44;sub-47;sub-49;sub-50;sub-53;sub-54;sub-55;sub-57;sub-58;sub-59;sub-60;sub-61;sub-62;sub-63;sub-64;sub-65;sub-66;sub-67;sub-70;sub-72,sub-07;sub-17;sub-19;sub-22;sub-26;sub-28;sub-29;sub-35;sub-43;sub-45;sub-46;sub-48;sub-51;sub-52;sub-56;sub-68;sub-69;sub-71
leak-safe,54,18,54,Logistic Regression;Decision Tree;Neural Network,0.6018181818181818,0.6454545454545454,0.5,0.6307692307692307,0.4109090909090909,-0.17391304347826098,0.1454545454545454,49,sub-01;sub-02;sub-03;sub-04;sub-07;sub-08;sub-11;sub-12;sub-15;sub-17;sub-18;sub-19;sub-20;sub-21;sub-22;sub-23;sub-24;sub-25;sub-26;sub-27;sub-28;sub-30;sub-31;sub-33;sub-34;sub-35;sub-37;sub-38;sub-39;sub-42;sub-43;sub-44;sub-46;sub-47;sub-48;sub-49;sub-50;sub-51;sub-52;sub-53;sub-54;sub-55;sub-56;sub-58;sub-59;sub-61;sub-63;sub-66;sub-67;sub-68;sub-69;sub-70;sub-71;sub-72,sub-05;sub-06;sub-09;sub-10;sub-13;sub-14;sub-16;sub-29;sub-32;sub-36;sub-40;sub-41;sub-45;sub-57;sub-60;sub-62;sub-64;sub-65
compat,54,18,432,Decision Tree;Random Forest;Logistic Regression,0.8838634946092845,0.9884166443909828,0.6666666666666666,0.6,0.5846153846153846,0.1692307692307693,0.3217499777243161,49,sub-01;sub-02;sub-03;sub-04;sub-07;sub-08;sub-11;sub-12;sub-15;sub-17;sub-18;sub-19;sub-20;sub-21;sub-22;sub-23;sub-24;sub-25;sub-26;sub-27;sub-28;sub-30;sub-31;sub-33;sub-34;sub-35;sub-37;sub-38;sub-39;sub-42;sub-43;sub-44;sub-46;sub-47;sub-48;sub-49;sub-50;sub-51;sub-52;sub-53;sub-54;sub-55;sub-56;sub-58;sub-59;sub-61;sub-63;sub-66;sub-67;sub-68;sub-69;sub-70;sub-71;sub-72,sub-05;sub-06;sub-09;sub-10;sub-13;sub-14;sub-16;sub-29;sub-32;sub-36;sub-40;sub-41;sub-45;sub-57;sub-60;sub-62;sub-64;sub-65
